occurrenceID,type,basisOfRecord,occurrenceRemarks,individualCount,sex,lifeStage,behavior,occurrenceStatus,organismID,organismRemarks,eventID,samplingProtocol,eventDate,eventRemarks,locationID,locality,locationRemarks,decimalLatitude,decimalLongitude,geodeticDatum,identifiedBy,dateIdentified,identificationRemarks,identificationVerificationStatus,scientificName,kingdom,vernacularName
00d13810-471f-4e16-b237-b365e22adcbf,Event,MachineObservation,,1,undefined,adult,,present,,,ac911ed5-093c-4726-93a2-ed7aba2ddae5,"camera trap (motion detection) without bait",2018-06-22T11:04:08Z,"tags: Heverleebos",075737ee-a0f2-4e2d-b67e-7db7ddbfeb84,2018_3_1600,,50.83689,4.69752,WGS84,"Niko Boone",2018-09-26T08:42:58Z,"classification method: human",,"Vulpes vulpes",Animalia,"Red Fox"
02bb5d7c-3ce6-4415-9de9-e438a3d02d1a,Event,MachineObservation,,1,female,adult,,present,,,7e0fa581-9aa6-4a53-bdb3-57095c739329,"camera trap (motion detection) without bait",2018-06-21T04:32:32Z,"tags: Meerdaal Oost",54f1c369-fbb4-48cb-a290-3621d9b8a3e6,2018_3_956,,50.805,4.72667,WGS84,"Palma Iacobelli",2018-10-26T07:19:45Z,"classification method: human",,"Sus scrofa",Animalia,"wild boar"
04f8baa3-adfa-404b-b972-16334734609d,Event,MachineObservation,,1,,,,present,,,dde4a152-fc90-4f17-836e-9b0c85789340,"camera trap (motion detection) without bait",2018-07-08T20:37:37Z,"tags: Meerdaal Oost",76c42412-9da7-41f2-9634-dd4ba1f1c327,2019_5_956,,50.805,4.72667,WGS84,"Joris Vernaillen",2019-08-30T13:08:01Z,"classification method: human",,"Sus scrofa",Animalia,"wild boar"
068d6630-1018-4db9-99b5-b133636318f8,Event,MachineObservation,,1,undefined,undefined,,present,,,e6f6eea4-861a-45a3-8693-e7c12a06bb37,"camera trap (motion detection) without bait",2018-06-16T02:17:16Z,"tags: Meerdaal West",5b251e28-b2e0-4e1e-a07d-620f432dbe7b,2018_3_807,,50.79852,4.70523,WGS84,"Palma Iacobelli",2018-11-15T09:54:20Z,"classification method: human",,"Vulpes vulpes",Animalia,"Red Fox"
07c90f15-5168-47bb-b927-c0132907085f,Event,MachineObservation,,1,male,adult,,present,,,4a2fb56a-dcf1-4373-8090-e91cde99832f,"camera trap (motion detection) without bait",2018-07-04T23:40:31Z,"tags: Meerdaal Oost",7cd880d5-0b63-4ea3-8678-b1191cc32a6e,2018_3_1173,,50.81397,4.73384,WGS84,"Palma Iacobelli",2018-11-19T11:53:06Z,"classification method: human",,"Sus scrofa",Animalia,"wild boar"
0dd460e7-f4f3-4e90-9ec6-4a9eefd3555b,Event,MachineObservation,,1,undefined,juvenile,,present,,,e6f6eea4-861a-45a3-8693-e7c12a06bb37,"camera trap (motion detection) without bait",2018-06-12T01:08:56Z,"tags: Meerdaal West",5b251e28-b2e0-4e1e-a07d-620f432dbe7b,2018_3_807,,50.79852,4.70523,WGS84,"Kathleen Vanhuyse",2018-08-18T19:16:39Z,"classification method: human",,"Vulpes vulpes",Animalia,"Red Fox"
0e445e3b-647f-400d-bc4e-7f5b511e1914,Event,MachineObservation,,1,female,juvenile,,present,,,7e0fa581-9aa6-4a53-bdb3-57095c739329,"camera trap (motion detection) without bait",2018-07-04T06:17:24Z,"tags: Meerdaal Oost",54f1c369-fbb4-48cb-a290-3621d9b8a3e6,2018_3_956,,50.805,4.72667,WGS84,"Palma Iacobelli",2018-10-26T07:36:49Z,"classification method: human",,"Capreolus capreolus",Animalia,"western roe deer"
0fa53352-30f0-4f0d-829b-c4a74dc9ee9a,Event,MachineObservation,,12,undefined,juvenile,,present,,,23945adb-0c21-441e-9de9-85d99faf3a92,"camera trap (motion detection) with food bait",2018-06-12T21:20:30Z,"apples as bait | tags: Meerdaal West",102e24cc-f0be-4d76-a0a7-207df901f59c,2018_3_751,,50.79618,4.66667,WGS84,"Kathleen Vanhuyse",2018-08-18T18:58:44Z,"classification method: human",,"Sus scrofa",Animalia,"wild boar"
10d47dd4-8d8d-496a-a0bb-79e443c001bb,Event,MachineObservation,,1,female,juvenile,,present,,,4a2fb56a-dcf1-4373-8090-e91cde99832f,"camera trap (motion detection) without bait",2018-07-02T06:06:49Z,"tags: Meerdaal Oost",7cd880d5-0b63-4ea3-8678-b1191cc32a6e,2018_3_1173,,50.81397,4.73384,WGS84,"Palma Iacobelli",2018-11-19T11:52:11Z,"classification method: human",,"Capreolus capreolus",Animalia,"western roe deer"
10f5ff14-bb7a-49ee-a73f-c47afb5d128b,Event,MachineObservation,moederdier,1,female,undefined,,present,,,f9a655f1-d402-4bf4-a180-d38877f7e238,"camera trap (motion detection) without bait",2018-06-11T06:37:31Z,"tags: Meerdaal West",552b4792-3547-42ca-85d6-4fa5f0092fa8,2018_3_998,,50.80767,4.69119,WGS84,"Niko Boone",2018-10-10T14:42:05Z,"classification method: human",,"Sus scrofa",Animalia,"wild boar"
122a337c-2b93-4fe0-b413-8e83d8339dcf,Event,MachineObservation,,1,male,adult,,present,,,880c2407-09a4-448b-b246-b3a04a322277,"camera trap (motion detection) without bait",2018-06-23T00:28:26Z,"tags: Heverleebos",f289e9b9-271e-4aa1-ab29-a16f8aa3ba87,2018_3_1563,,50.83431,4.69089,WGS84,"Niko Boone",2018-09-26T08:28:29Z,"classification method: human",,"Capreolus capreolus",Animalia,"western roe deer"
14331dd8-2f81-4542-a019-ba127179d3f4,Event,MachineObservation,,1,undefined,juvenile,,present,,,e6f6eea4-861a-45a3-8693-e7c12a06bb37,"camera trap (motion detection) without bait",2018-06-05T01:09:17Z,"tags: Meerdaal West",5b251e28-b2e0-4e1e-a07d-620f432dbe7b,2018_3_807,,50.79852,4.70523,WGS84,"Kathleen Vanhuyse",2018-08-18T19:10:53Z,"classification method: human",,"Vulpes vulpes",Animalia,"Red Fox"
147a6cfc-4f22-40a8-ab78-252d5ec5d54f,Event,MachineObservation,,1,male,adult,,present,,,880c2407-09a4-448b-b246-b3a04a322277,"camera trap (motion detection) without bait",2018-06-06T02:04:27Z,"tags: Heverleebos",f289e9b9-271e-4aa1-ab29-a16f8aa3ba87,2018_3_1563,,50.83431,4.69089,WGS84,"Niko Boone",2018-09-26T08:19:20Z,"classification method: human",,"Capreolus capreolus",Animalia,"western roe deer"
1569d5e1-f9bf-436d-a1c3-438421beea15,Event,MachineObservation,,1,undefined,adult,,present,,,94f0d31f-a775-447e-ac74-715d6042e52e,"camera trap (motion detection) without bait",2018-06-20T04:14:46Z,"tags: Meerdaal West",82d0f36a-9783-49e5-b864-9994425d1dbb,2018_3_1046,,50.80958,4.67348,WGS84,"Palma Iacobelli",2018-11-15T10:30:08Z,"classification method: human",,"Vulpes vulpes",Animalia,"Red Fox"
16124a6d-ff84-4d62-8401-89bc9bda4e60,Event,MachineObservation,,1,female,undefined,,present,,,7e0fa581-9aa6-4a53-bdb3-57095c739329,"camera trap (motion detection) without bait",2018-07-09T16:15:33Z,"tags: Meerdaal Oost",54f1c369-fbb4-48cb-a290-3621d9b8a3e6,2018_3_956,,50.805,4.72667,WGS84,"Palma Iacobelli",2018-10-26T07:42:13Z,"classification method: human",,"Capreolus capreolus",Animalia,"western roe deer"
1711e5b3-4267-4ce1-a9ce-c9e31b60467e,Event,MachineObservation,,1,undefined,undefined,,present,,,e6f6eea4-861a-45a3-8693-e7c12a06bb37,"camera trap (motion detection) without bait",2018-06-24T02:40:16Z,"tags: Meerdaal West",5b251e28-b2e0-4e1e-a07d-620f432dbe7b,2018_3_807,,50.79852,4.70523,WGS84,"Palma Iacobelli",2018-11-15T10:08:27Z,"classification method: human",,"Vulpes vulpes",Animalia,"Red Fox"
179556d9-115d-4dab-9443-8072fe29a5b2,Event,MachineObservation,,8,undefined,undefined,,present,,,562ce88f-0b02-41e5-9b5a-80b5e0b5b40e,"camera trap (motion detection) without bait",2018-07-07T04:44:58Z,"tags: Meerdaal Oost",2caebcc9-dc8a-4aee-acc8-9abb8f0a7edb,2018_3_909,,50.80273,4.73375,WGS84,"Palma Iacobelli",2018-10-25T14:20:58Z,"classification method: human",,"Sus scrofa",Animalia,"wild boar"
19f4fd7f-3ce4-4fb2-80dc-865c2744bcf4,Event,MachineObservation,,1,undefined,adult,,present,,,ac911ed5-093c-4726-93a2-ed7aba2ddae5,"camera trap (motion detection) without bait",2018-06-11T13:23:03Z,"tags: Heverleebos",075737ee-a0f2-4e2d-b67e-7db7ddbfeb84,2018_3_1600,,50.83689,4.69752,WGS84,"Niko Boone",2018-09-26T08:41:54Z,"classification method: human",,"Vulpes vulpes",Animalia,"Red Fox"
1bf6ffef-cc1a-41a2-8b5f-c8a2620162de,Event,MachineObservation,,1,female,undefined,,present,,,63e66e2c-db46-4091-a180-aa35a76f1d37,"camera trap (motion detection) without bait",2018-06-26T20:45:49Z,"tags: Meerdaal Oost",e6143a98-ecfd-49fd-ab08-ddf7a5be5ce7,2018_3_1280,,50.81844,4.74097,WGS84,"Palma Iacobelli",2018-10-25T14:23:38Z,"classification method: human",,"Capreolus capreolus",Animalia,"western roe deer"
1f40ef3f-2661-4413-85b0-e1fa20efc7df,Event,MachineObservation,,2,,adult,,present,,,dde4a152-fc90-4f17-836e-9b0c85789340,"camera trap (motion detection) without bait",2018-07-12T04:54:54Z,"tags: Meerdaal Oost",76c42412-9da7-41f2-9634-dd4ba1f1c327,2019_5_956,,50.805,4.72667,WGS84,"Joris Vernaillen",2019-08-30T13:21:41Z,"classification method: human",,"Sus scrofa",Animalia,"wild boar"
1f7b8cc4-d1bc-444e-92d4-7dbef0c352d3,Event,MachineObservation,,1,undefined,undefined,,present,,,4a2fb56a-dcf1-4373-8090-e91cde99832f,"camera trap (motion detection) without bait",2018-06-13T04:05:44Z,"tags: Meerdaal Oost",7cd880d5-0b63-4ea3-8678-b1191cc32a6e,2018_3_1173,,50.81397,4.73384,WGS84,"Jim Casaer",2018-10-23T13:39:30Z,"classification method: human",,"Sus scrofa",Animalia,"wild boar"
1fd07152-cca8-4c62-938b-d9542f954ca9,Event,MachineObservation,"Kan eventueel ook smalree zijn",1,female,adult,,present,,,f9a655f1-d402-4bf4-a180-d38877f7e238,"camera trap (motion detection) without bait",2018-06-09T20:22:18Z,"tags: Meerdaal West",552b4792-3547-42ca-85d6-4fa5f0092fa8,2018_3_998,,50.80767,4.69119,WGS84,"Niko Boone",2018-10-10T14:40:10Z,"classification method: human",,"Capreolus capreolus",Animalia,"western roe deer"
205148e4-3f0a-452a-ae7b-0a6af8609820,Event,MachineObservation,,1,undefined,undefined,,present,,,e6f6eea4-861a-45a3-8693-e7c12a06bb37,"camera trap (motion detection) without bait",2018-06-24T23:53:58Z,"tags: Meerdaal West",5b251e28-b2e0-4e1e-a07d-620f432dbe7b,2018_3_807,,50.79852,4.70523,WGS84,"Palma Iacobelli",2018-11-15T10:12:06Z,"classification method: human",,"Vulpes vulpes",Animalia,"Red Fox"
20ef0242-85b0-458c-b1e3-f69b238b8742,Event,MachineObservation,,1,undefined,undefined,,present,,,7e0fa581-9aa6-4a53-bdb3-57095c739329,"camera trap (motion detection) without bait",2018-06-18T04:43:32Z,"tags: Meerdaal Oost",54f1c369-fbb4-48cb-a290-3621d9b8a3e6,2018_3_956,,50.805,4.72667,WGS84,"Palma Iacobelli",2018-10-26T07:42:59Z,"classification method: human",,"Capreolus capreolus",Animalia,"western roe deer"
21d6e765-29cb-4bab-9c51-dc229e3a1a5e,Event,MachineObservation,,1,female,undefined,,present,,,63e66e2c-db46-4091-a180-aa35a76f1d37,"camera trap (motion detection) without bait",2018-06-20T08:06:01Z,"tags: Meerdaal Oost",e6143a98-ecfd-49fd-ab08-ddf7a5be5ce7,2018_3_1280,,50.81844,4.74097,WGS84,"Palma Iacobelli",2018-10-25T14:23:14Z,"classification method: human",,"Capreolus capreolus",Animalia,"western roe deer"
23566513-05a3-4dda-acb4-ca3988e37289,Event,MachineObservation,,1,male,undefined,,present,,,562ce88f-0b02-41e5-9b5a-80b5e0b5b40e,"camera trap (motion detection) without bait",2018-07-09T17:47:21Z,"tags: Meerdaal Oost",2caebcc9-dc8a-4aee-acc8-9abb8f0a7edb,2018_3_909,,50.80273,4.73375,WGS84,"Palma Iacobelli",2018-10-25T14:21:28Z,"classification method: human",,"Capreolus capreolus",Animalia,"western roe deer"
23813a5b-2f4a-4076-b766-a7eea7d4cba3,Event,MachineObservation,adult?,1,,,,present,,,68967df1-2a14-4180-83c7-bded3faf17d0,"camera trap (motion detection) without bait",2018-06-13T01:59:51Z,"tags: Meerdaal West",19e7d52d-3943-4350-be6b-542097796821,2018_3_760,,50.79651,4.69855,WGS84,"Palma Iacobelli",2018-11-12T15:45:45Z,"classification method: human",,"Sus scrofa",Animalia,"wild boar"
26d52094-8ab2-422f-a94a-277ad147d2ba,Event,MachineObservation,,2,,,,present,,,dde4a152-fc90-4f17-836e-9b0c85789340,"camera trap (motion detection) without bait",2018-07-01T20:29:16Z,"tags: Meerdaal Oost",76c42412-9da7-41f2-9634-dd4ba1f1c327,2019_5_956,,50.805,4.72667,WGS84,"Joris Vernaillen",2019-08-30T11:50:03Z,"classification method: human",,"Sus scrofa",Animalia,"wild boar"
27575e28-403b-42d6-a2b3-46d2af936bc4,Event,MachineObservation,,1,undefined,undefined,,present,,,4a2fb56a-dcf1-4373-8090-e91cde99832f,"camera trap (motion detection) without bait",2018-06-20T01:20:11Z,"tags: Meerdaal Oost",7cd880d5-0b63-4ea3-8678-b1191cc32a6e,2018_3_1173,,50.81397,4.73384,WGS84,"Palma Iacobelli",2018-11-19T11:40:15Z,"classification method: human",,"Sus scrofa",Animalia,"wild boar"
28136a07-9439-4b8c-93b7-6a1770fe92a7,Event,MachineObservation,,1,,,,present,,,dde4a152-fc90-4f17-836e-9b0c85789340,"camera trap (motion detection) without bait",2018-07-06T02:02:33Z,"tags: Meerdaal Oost",76c42412-9da7-41f2-9634-dd4ba1f1c327,2019_5_956,,50.805,4.72667,WGS84,"Joris Vernaillen",2019-08-30T13:07:41Z,"classification method: human",,"Sus scrofa",Animalia,"wild boar"
284d0521-96c4-4b0d-8307-1f68f8d2f940,Event,MachineObservation,pyjama,1,undefined,juvenile,,present,,,f9a655f1-d402-4bf4-a180-d38877f7e238,"camera trap (motion detection) without bait",2018-06-11T06:37:31Z,"tags: Meerdaal West",552b4792-3547-42ca-85d6-4fa5f0092fa8,2018_3_998,,50.80767,4.69119,WGS84,"Niko Boone",2018-10-10T14:42:19Z,"classification method: human",,"Sus scrofa",Animalia,"wild boar"
28d3f942-df80-4c1d-9473-2f489d8e6c01,Event,MachineObservation,,1,undefined,juvenile,,present,,,e6f6eea4-861a-45a3-8693-e7c12a06bb37,"camera trap (motion detection) without bait",2018-06-14T03:22:54Z,"tags: Meerdaal West",5b251e28-b2e0-4e1e-a07d-620f432dbe7b,2018_3_807,,50.79852,4.70523,WGS84,"Kathleen Vanhuyse",2018-08-18T19:23:54Z,"classification method: human",,"Vulpes vulpes",Animalia,"Red Fox"
2925aefe-91b7-4821-86b3-e156dec7b1e2,Event,MachineObservation,,1,,juvenile,,present,,,dde4a152-fc90-4f17-836e-9b0c85789340,"camera trap (motion detection) without bait",2018-07-14T05:37:50Z,"tags: Meerdaal Oost",76c42412-9da7-41f2-9634-dd4ba1f1c327,2019_5_956,,50.805,4.72667,WGS84,"Joris Vernaillen",2019-08-30T13:22:57Z,"classification method: human",,"Sus scrofa",Animalia,"wild boar"
293b1417-8674-45ad-8377-2d4be12edf51,Event,MachineObservation,,1,undefined,juvenile,,present,,,7e0fa581-9aa6-4a53-bdb3-57095c739329,"camera trap (motion detection) without bait",2018-07-04T05:19:03Z,"tags: Meerdaal Oost",54f1c369-fbb4-48cb-a290-3621d9b8a3e6,2018_3_956,,50.805,4.72667,WGS84,"Niko Boone",2018-11-06T12:43:37Z,"classification method: human",,"Capreolus capreolus",Animalia,"western roe deer"
29de7d94-2dc3-4b1f-8bd5-75cc00408c26,Event,MachineObservation,,1,female,undefined,,present,,,68967df1-2a14-4180-83c7-bded3faf17d0,"camera trap (motion detection) without bait",2018-06-27T07:49:48Z,"tags: Meerdaal West",19e7d52d-3943-4350-be6b-542097796821,2018_3_760,,50.79651,4.69855,WGS84,"Palma Iacobelli",2018-11-12T16:01:24Z,"classification method: human",,"Sus scrofa",Animalia,"wild boar"
2a72787e-422f-4358-ad94-e7a87e050e45,Event,MachineObservation,,1,female,undefined,,present,,,63e66e2c-db46-4091-a180-aa35a76f1d37,"camera trap (motion detection) without bait",2018-06-11T20:57:57Z,"tags: Meerdaal Oost",e6143a98-ecfd-49fd-ab08-ddf7a5be5ce7,2018_3_1280,,50.81844,4.74097,WGS84,"Palma Iacobelli",2018-10-25T14:22:18Z,"classification method: human",,"Capreolus capreolus",Animalia,"western roe deer"
2a9205f1-a750-4213-975e-78af981cbe5f,Event,MachineObservation,man?,1,female,adult,,present,,,7e0fa581-9aa6-4a53-bdb3-57095c739329,"camera trap (motion detection) without bait",2018-07-03T00:18:51Z,"tags: Meerdaal Oost",54f1c369-fbb4-48cb-a290-3621d9b8a3e6,2018_3_956,,50.805,4.72667,WGS84,"Niko Boone",2018-10-26T07:31:27Z,"classification method: human",,"Sus scrofa",Animalia,"wild boar"
2b0fbc6d-0f3f-4749-ba5f-fbb0f25aa940,Event,MachineObservation,,3,female,undefined,,present,,,23945adb-0c21-441e-9de9-85d99faf3a92,"camera trap (motion detection) with food bait",2018-06-12T21:20:30Z,"apples as bait | tags: Meerdaal West",102e24cc-f0be-4d76-a0a7-207df901f59c,2018_3_751,,50.79618,4.66667,WGS84,"Kathleen Vanhuyse",2018-08-18T18:58:29Z,"classification method: human",,"Sus scrofa",Animalia,"wild boar"
2b889ea1-6165-4da1-bf29-86762702b8e2,Event,MachineObservation,,1,female,adult,,present,,,4a2fb56a-dcf1-4373-8090-e91cde99832f,"camera trap (motion detection) without bait",2018-06-28T07:30:11Z,"tags: Meerdaal Oost",7cd880d5-0b63-4ea3-8678-b1191cc32a6e,2018_3_1173,,50.81397,4.73384,WGS84,"Palma Iacobelli",2018-11-19T11:46:07Z,"classification method: human",,"Capreolus capreolus",Animalia,"western roe deer"
2d34776b-c4f4-4223-8b39-f903c05f87d5,Event,MachineObservation,,6,undefined,juvenile,,present,,,68967df1-2a14-4180-83c7-bded3faf17d0,"camera trap (motion detection) without bait",2018-06-22T05:25:33Z,"tags: Meerdaal West",19e7d52d-3943-4350-be6b-542097796821,2018_3_760,,50.79651,4.69855,WGS84,"Palma Iacobelli",2018-11-12T15:52:26Z,"classification method: human",,"Sus scrofa",Animalia,"wild boar"
2d993718-63a4-4c88-b1fe-ad235a1e42b5,Event,MachineObservation,,1,undefined,juvenile,,present,,,e6f6eea4-861a-45a3-8693-e7c12a06bb37,"camera trap (motion detection) without bait",2018-06-03T21:47:31Z,"tags: Meerdaal West",5b251e28-b2e0-4e1e-a07d-620f432dbe7b,2018_3_807,,50.79852,4.70523,WGS84,"Kathleen Vanhuyse",2018-08-18T19:10:05Z,"classification method: human",,"Vulpes vulpes",Animalia,"Red Fox"
2e17bde4-e9d3-4378-a47f-bdd8fc7bb1d7,Event,MachineObservation,,1,undefined,juvenile,,present,,,e6f6eea4-861a-45a3-8693-e7c12a06bb37,"camera trap (motion detection) without bait",2018-06-13T03:54:10Z,"tags: Meerdaal West",5b251e28-b2e0-4e1e-a07d-620f432dbe7b,2018_3_807,,50.79852,4.70523,WGS84,"Kathleen Vanhuyse",2018-08-18T19:23:39Z,"classification method: human",,"Vulpes vulpes",Animalia,"Red Fox"
2e3d2f5a-d2c7-4a70-86e6-3f7f774f59dc,Event,MachineObservation,,1,undefined,undefined,,present,,,89b1d091-e7ba-4254-9924-ee46bbd2a2b5,"camera trap (motion detection) without bait",2018-07-03T00:08:43Z,"tags: Meerdaal West",faea3ab8-58f7-4741-9acc-0291c2f69e5f,2018_3_1258,,50.81912,4.6634,WGS84,"Kathleen Vanhuyse",2018-08-18T19:27:36Z,"classification method: human",,"Sus scrofa",Animalia,"wild boar"
303b65fe-a137-4fd3-bfe4-626780d8061a,Event,MachineObservation,,1,,,,present,,,7de2324a-9f15-42bb-a60f-152154da9262,"camera trap (motion detection) without bait",2018-06-29T10:39:49Z,"tags: Heverleebos",22edbc0b-7acc-4207-a681-c3149b63f87a,2018_3_1445,,50.82747,4.67711,WGS84,"Niko Boone",2018-09-26T08:45:57Z,"classification method: human",,"Canis lupus",Animalia,"gray wolf"
30499e6f-7551-459a-a5dc-ecf290d6055d,Event,MachineObservation,,1,undefined,undefined,,present,,,e6f6eea4-861a-45a3-8693-e7c12a06bb37,"camera trap (motion detection) without bait",2018-06-27T02:43:48Z,"tags: Meerdaal West",5b251e28-b2e0-4e1e-a07d-620f432dbe7b,2018_3_807,,50.79852,4.70523,WGS84,"Palma Iacobelli",2018-11-15T10:13:05Z,"classification method: human",,"Vulpes vulpes",Animalia,"Red Fox"
307dd641-e140-4726-9a8e-4d7f9c31b646,Event,MachineObservation,,3,,,,present,,,dde4a152-fc90-4f17-836e-9b0c85789340,"camera trap (motion detection) without bait",2018-07-10T06:35:34Z,"tags: Meerdaal Oost",76c42412-9da7-41f2-9634-dd4ba1f1c327,2019_5_956,,50.805,4.72667,WGS84,"Joris Vernaillen",2019-08-30T13:09:06Z,"classification method: human",,"Sus scrofa",Animalia,"wild boar"
30f03305-c998-4f63-9b30-eedfee720c52,Event,MachineObservation,,3,undefined,juvenile,,present,,,e6f6eea4-861a-45a3-8693-e7c12a06bb37,"camera trap (motion detection) without bait",2018-06-12T23:18:20Z,"tags: Meerdaal West",5b251e28-b2e0-4e1e-a07d-620f432dbe7b,2018_3_807,,50.79852,4.70523,WGS84,"Kathleen Vanhuyse",2018-08-18T19:22:23Z,"classification method: human",,"Vulpes vulpes",Animalia,"Red Fox"
32b052be-900f-46ce-94f2-9753d6c30693,Event,MachineObservation,,1,undefined,undefined,,present,,,4a2fb56a-dcf1-4373-8090-e91cde99832f,"camera trap (motion detection) without bait",2018-06-22T22:52:11Z,"tags: Meerdaal Oost",7cd880d5-0b63-4ea3-8678-b1191cc32a6e,2018_3_1173,,50.81397,4.73384,WGS84,"Palma Iacobelli",2018-11-19T11:44:41Z,"classification method: human",,"Capreolus capreolus",Animalia,"western roe deer"
34c4efe4-1944-4a68-8efc-903f16cef14e,Event,MachineObservation,,1,undefined,juvenile,,present,,,e6f6eea4-861a-45a3-8693-e7c12a06bb37,"camera trap (motion detection) without bait",2018-06-10T21:34:27Z,"tags: Meerdaal West",5b251e28-b2e0-4e1e-a07d-620f432dbe7b,2018_3_807,,50.79852,4.70523,WGS84,"Kathleen Vanhuyse",2018-08-18T19:16:20Z,"classification method: human",,"Vulpes vulpes",Animalia,"Red Fox"
352acabc-e8a2-48f6-a1ce-bca8d885e306,Event,MachineObservation,,1,male,undefined,,present,,,7e0fa581-9aa6-4a53-bdb3-57095c739329,"camera trap (motion detection) without bait",2018-06-25T06:43:27Z,"tags: Meerdaal Oost",54f1c369-fbb4-48cb-a290-3621d9b8a3e6,2018_3_956,,50.805,4.72667,WGS84,"Palma Iacobelli",2018-10-26T07:27:26Z,"classification method: human",,"Capreolus capreolus",Animalia,"western roe deer"
35a5c220-d2f5-4677-927b-252157b40204,Event,MachineObservation,,3,undefined,juvenile,,present,,,23945adb-0c21-441e-9de9-85d99faf3a92,"camera trap (motion detection) with food bait",2018-06-08T01:01:23Z,"apples as bait | tags: Meerdaal West",102e24cc-f0be-4d76-a0a7-207df901f59c,2018_3_751,,50.79618,4.66667,WGS84,"Kathleen Vanhuyse",2018-08-18T18:54:42Z,"classification method: human",,"Sus scrofa",Animalia,"wild boar"
369cfd25-c7d6-4ec4-beb8-1a80a1c31f45,Event,MachineObservation,,1,female,adult,,present,,,e6f6eea4-861a-45a3-8693-e7c12a06bb37,"camera trap (motion detection) without bait",2018-06-28T08:04:10Z,"tags: Meerdaal West",5b251e28-b2e0-4e1e-a07d-620f432dbe7b,2018_3_807,,50.79852,4.70523,WGS84,"Palma Iacobelli",2018-11-15T10:16:46Z,"classification method: human",,"Capreolus capreolus",Animalia,"western roe deer"
37303dd5-6088-4dae-b07b-ed06155644e3,Event,MachineObservation,,1,female,undefined,,present,,,23945adb-0c21-441e-9de9-85d99faf3a92,"camera trap (motion detection) with food bait",2018-06-18T00:36:56Z,"apples as bait | tags: Meerdaal West",102e24cc-f0be-4d76-a0a7-207df901f59c,2018_3_751,,50.79618,4.66667,WGS84,"Kathleen Vanhuyse",2018-08-18T19:01:10Z,"classification method: human",,"Sus scrofa",Animalia,"wild boar"
375ae381-fd32-4201-98c0-3544079bab41,Event,MachineObservation,,1,male,adult,,present,,,f7991db5-01a3-4708-af89-4a5ff5c6a3f6,"camera trap (motion detection) without bait",2018-06-29T01:28:41Z,"tags: Heverleebos",208b7d32-78e4-4491-9153-d1dcbb230d9a,2018_3_1665,,50.84151,4.69538,WGS84,"Niko Boone",2018-09-25T13:29:02Z,"classification method: human",,"Capreolus capreolus",Animalia,"western roe deer"
37ac004a-e7ea-4919-b0e5-65c5c37149d8,Event,MachineObservation,,1,male,adult,,present,,,880c2407-09a4-448b-b246-b3a04a322277,"camera trap (motion detection) without bait",2018-06-28T02:33:51Z,"tags: Heverleebos",f289e9b9-271e-4aa1-ab29-a16f8aa3ba87,2018_3_1563,,50.83431,4.69089,WGS84,"Niko Boone",2018-09-26T08:32:10Z,"classification method: human",,"Capreolus capreolus",Animalia,"western roe deer"
37f147e7-8f60-45ad-be74-2be367a7bf2c,Event,MachineObservation,,1,undefined,undefined,,present,,,7e0fa581-9aa6-4a53-bdb3-57095c739329,"camera trap (motion detection) without bait",2018-06-13T08:42:05Z,"tags: Meerdaal Oost",54f1c369-fbb4-48cb-a290-3621d9b8a3e6,2018_3_956,,50.805,4.72667,WGS84,"Palma Iacobelli",2018-10-26T07:05:30Z,"classification method: human",,"Vulpes vulpes",Animalia,"Red Fox"
38ad41e1-4e4e-4b53-888a-4cb9c5e4073e,Event,MachineObservation,,3,undefined,juvenile,,present,,,7e0fa581-9aa6-4a53-bdb3-57095c739329,"camera trap (motion detection) without bait",2018-06-21T04:32:32Z,"tags: Meerdaal Oost",54f1c369-fbb4-48cb-a290-3621d9b8a3e6,2018_3_956,,50.805,4.72667,WGS84,"Palma Iacobelli",2018-10-26T07:19:58Z,"classification method: human",,"Sus scrofa",Animalia,"wild boar"
3907b72d-5ee9-432e-bb5b-4485d5b9f565,Event,MachineObservation,,1,male,adult,,present,,,7e0fa581-9aa6-4a53-bdb3-57095c739329,"camera trap (motion detection) without bait",2018-06-24T23:11:53Z,"tags: Meerdaal Oost",54f1c369-fbb4-48cb-a290-3621d9b8a3e6,2018_3_956,,50.805,4.72667,WGS84,"Palma Iacobelli",2018-10-26T07:26:55Z,"classification method: human",,"Sus scrofa",Animalia,"wild boar"
395441ea-93ca-4ce7-b98a-1c4f2b79b2b7,Event,MachineObservation,,1,undefined,juvenile,,present,,,e6f6eea4-861a-45a3-8693-e7c12a06bb37,"camera trap (motion detection) without bait",2018-06-13T03:24:15Z,"tags: Meerdaal West",5b251e28-b2e0-4e1e-a07d-620f432dbe7b,2018_3_807,,50.79852,4.70523,WGS84,"Kathleen Vanhuyse",2018-08-18T19:23:23Z,"classification method: human",,"Vulpes vulpes",Animalia,"Red Fox"
3a22b47b-bda6-456a-8632-c0328d7e5f30,Event,MachineObservation,,1,undefined,adult,,present,,,f9a655f1-d402-4bf4-a180-d38877f7e238,"camera trap (motion detection) without bait",2018-06-28T02:54:46Z,"tags: Meerdaal West",552b4792-3547-42ca-85d6-4fa5f0092fa8,2018_3_998,,50.80767,4.69119,WGS84,"Niko Boone",2018-10-10T14:45:25Z,"classification method: human",,"Vulpes vulpes",Animalia,"Red Fox"
3b50a5ad-4ead-4ea6-b670-f4b266428464,Event,MachineObservation,,1,,,,present,,,dde4a152-fc90-4f17-836e-9b0c85789340,"camera trap (motion detection) without bait",2018-07-11T03:54:53Z,"tags: Meerdaal Oost",76c42412-9da7-41f2-9634-dd4ba1f1c327,2019_5_956,,50.805,4.72667,WGS84,"Joris Vernaillen",2019-08-30T13:13:52Z,"classification method: human",,"Sus scrofa",Animalia,"wild boar"
3bd3b6f0-2aa4-4a90-aee8-5c4c3f8681ca,Event,MachineObservation,,1,undefined,juvenile,,present,,,e6f6eea4-861a-45a3-8693-e7c12a06bb37,"camera trap (motion detection) without bait",2018-06-09T02:14:43Z,"tags: Meerdaal West",5b251e28-b2e0-4e1e-a07d-620f432dbe7b,2018_3_807,,50.79852,4.70523,WGS84,"Kathleen Vanhuyse",2018-08-18T19:13:20Z,"classification method: human",,"Vulpes vulpes",Animalia,"Red Fox"
3d2939f6-d44e-44f1-aa90-c269cd64c34e,Event,MachineObservation,,1,female,adult,,present,,,7e0fa581-9aa6-4a53-bdb3-57095c739329,"camera trap (motion detection) without bait",2018-06-21T18:05:00Z,"tags: Meerdaal Oost",54f1c369-fbb4-48cb-a290-3621d9b8a3e6,2018_3_956,,50.805,4.72667,WGS84,"Niko Boone",2018-10-26T07:21:58Z,"classification method: human",,"Capreolus capreolus",Animalia,"western roe deer"
3e804d71-e879-48d3-88de-796bb64604c0,Event,MachineObservation,,1,male,adult,,present,,,7e0fa581-9aa6-4a53-bdb3-57095c739329,"camera trap (motion detection) without bait",2018-07-03T22:02:02Z,"tags: Meerdaal Oost",54f1c369-fbb4-48cb-a290-3621d9b8a3e6,2018_3_956,,50.805,4.72667,WGS84,"Niko Boone",2018-10-26T07:33:25Z,"classification method: human",,"Capreolus capreolus",Animalia,"western roe deer"
3fa67263-0696-4e27-8378-39ed3be42c4e,Event,MachineObservation,,1,undefined,undefined,,present,,,e6f6eea4-861a-45a3-8693-e7c12a06bb37,"camera trap (motion detection) without bait",2018-06-14T04:05:31Z,"tags: Meerdaal West",5b251e28-b2e0-4e1e-a07d-620f432dbe7b,2018_3_807,,50.79852,4.70523,WGS84,"Palma Iacobelli",2018-11-15T09:52:21Z,"classification method: human",,"Vulpes vulpes",Animalia,"Red Fox"
3fb1dd79-9aaa-41a3-8cca-b167f69e9f9c,Event,MachineObservation,,3,undefined,juvenile,,present,,,e6f6eea4-861a-45a3-8693-e7c12a06bb37,"camera trap (motion detection) without bait",2018-06-12T22:52:42Z,"tags: Meerdaal West",5b251e28-b2e0-4e1e-a07d-620f432dbe7b,2018_3_807,,50.79852,4.70523,WGS84,"Kathleen Vanhuyse",2018-08-18T19:17:39Z,"classification method: human",,"Vulpes vulpes",Animalia,"Red Fox"
4080b826-17f9-4b3e-8c21-bb7f54e4d8be,Event,MachineObservation,,1,female,adult,,present,,,880c2407-09a4-448b-b246-b3a04a322277,"camera trap (motion detection) without bait",2018-06-22T01:54:52Z,"tags: Heverleebos",f289e9b9-271e-4aa1-ab29-a16f8aa3ba87,2018_3_1563,,50.83431,4.69089,WGS84,"Niko Boone",2018-09-26T08:25:59Z,"classification method: human",,"Capreolus capreolus",Animalia,"western roe deer"
41835881-2ce0-4fd9-99a7-0765296cd18d,Event,MachineObservation,,1,,juvenile,,present,,,dde4a152-fc90-4f17-836e-9b0c85789340,"camera trap (motion detection) without bait",2018-07-14T05:41:39Z,"tags: Meerdaal Oost",76c42412-9da7-41f2-9634-dd4ba1f1c327,2019_5_956,,50.805,4.72667,WGS84,"Joris Vernaillen",2019-08-30T13:23:17Z,"classification method: human",,"Sus scrofa",Animalia,"wild boar"
42065c10-b112-435e-8993-9b75d8f707e8,Event,MachineObservation,,1,undefined,undefined,,present,,,89b1d091-e7ba-4254-9924-ee46bbd2a2b5,"camera trap (motion detection) without bait",2018-07-02T09:35:08Z,"tags: Meerdaal West",faea3ab8-58f7-4741-9acc-0291c2f69e5f,2018_3_1258,,50.81912,4.6634,WGS84,"Kathleen Vanhuyse",2018-08-18T19:27:19Z,"classification method: human",,"Vulpes vulpes",Animalia,"Red Fox"
42244feb-c62f-459e-996e-d1788460e352,Event,MachineObservation,,1,undefined,undefined,,present,,,7e0fa581-9aa6-4a53-bdb3-57095c739329,"camera trap (motion detection) without bait",2018-06-10T07:11:48Z,"tags: Meerdaal Oost",54f1c369-fbb4-48cb-a290-3621d9b8a3e6,2018_3_956,,50.805,4.72667,WGS84,"Palma Iacobelli",2018-10-26T07:05:03Z,"classification method: human",,"Vulpes vulpes",Animalia,"Red Fox"
4333c97e-dded-4deb-a2f5-bc1aa114d816,Event,MachineObservation,,1,female,adult,,present,,,68967df1-2a14-4180-83c7-bded3faf17d0,"camera trap (motion detection) without bait",2018-06-12T00:25:20Z,"tags: Meerdaal West",19e7d52d-3943-4350-be6b-542097796821,2018_3_760,,50.79651,4.69855,WGS84,"Palma Iacobelli",2018-08-18T19:07:46Z,"classification method: human",,"Sus scrofa",Animalia,"wild boar"
4365f849-3bb9-490e-923a-65d96535448c,Event,MachineObservation,,1,female,undefined,,present,,,68967df1-2a14-4180-83c7-bded3faf17d0,"camera trap (motion detection) without bait",2018-06-21T01:41:53Z,"tags: Meerdaal West",19e7d52d-3943-4350-be6b-542097796821,2018_3_760,,50.79651,4.69855,WGS84,"Palma Iacobelli",2018-11-12T15:50:30Z,"classification method: human",,"Sus scrofa",Animalia,"wild boar"
44caeaaf-c1c9-4d3d-8232-40a154acedb6,Event,MachineObservation,,3,female,juvenile,,present,,,68967df1-2a14-4180-83c7-bded3faf17d0,"camera trap (motion detection) without bait",2018-06-27T07:49:48Z,"tags: Meerdaal West",19e7d52d-3943-4350-be6b-542097796821,2018_3_760,,50.79651,4.69855,WGS84,"Palma Iacobelli",2018-11-12T16:02:18Z,"classification method: human",,"Sus scrofa",Animalia,"wild boar"
45f6f7fa-3e54-4cd4-98a0-a59a309997db,Event,MachineObservation,,4,undefined,juvenile,,present,,,4a2fb56a-dcf1-4373-8090-e91cde99832f,"camera trap (motion detection) without bait",2018-06-20T02:04:32Z,"tags: Meerdaal Oost",7cd880d5-0b63-4ea3-8678-b1191cc32a6e,2018_3_1173,,50.81397,4.73384,WGS84,"Palma Iacobelli",2018-11-19T11:41:39Z,"classification method: human",,"Sus scrofa",Animalia,"wild boar"
473f7d32-00a2-40df-8aac-e12685959057,Event,MachineObservation,,7,undefined,juvenile,,present,,,68967df1-2a14-4180-83c7-bded3faf17d0,"camera trap (motion detection) without bait",2018-06-06T02:23:36Z,"tags: Meerdaal West",19e7d52d-3943-4350-be6b-542097796821,2018_3_760,,50.79651,4.69855,WGS84,"Kathleen Vanhuyse",2018-08-18T19:05:23Z,"classification method: human",,"Sus scrofa",Animalia,"wild boar"
4906e858-caa0-4ae3-b25a-b15ffd480576,Event,MachineObservation,,1,male,adult,,present,,,7e0fa581-9aa6-4a53-bdb3-57095c739329,"camera trap (motion detection) without bait",2018-06-29T21:31:48Z,"tags: Meerdaal Oost",54f1c369-fbb4-48cb-a290-3621d9b8a3e6,2018_3_956,,50.805,4.72667,WGS84,"Palma Iacobelli",2018-10-26T07:30:34Z,"classification method: human",,"Sus scrofa",Animalia,"wild boar"
49d8cfc6-9c03-4408-aba4-c33927028cb6,Event,MachineObservation,,1,undefined,juvenile,,present,,,e6f6eea4-861a-45a3-8693-e7c12a06bb37,"camera trap (motion detection) without bait",2018-06-13T00:58:45Z,"tags: Meerdaal West",5b251e28-b2e0-4e1e-a07d-620f432dbe7b,2018_3_807,,50.79852,4.70523,WGS84,"Kathleen Vanhuyse",2018-08-18T19:23:06Z,"classification method: human",,"Vulpes vulpes",Animalia,"Red Fox"
4b76c205-ec86-46b5-a972-9523561571cc,Event,MachineObservation,,1,undefined,undefined,,present,,,749161ca-5993-4965-beb1-84ac9fc54b28,"camera trap (motion detection) without bait",2018-06-21T04:47:37Z,"tags: Meerdaal West",b4a5575f-a185-4bf6-a8c4-81a6554ee3c4,2018_3_1108,,50.8119,4.69797,WGS84,"Niko Boone",2018-10-10T14:50:48Z,"classification method: human",,"Vulpes vulpes",Animalia,"Red Fox"
4ebfdadb-8008-463b-90b2-2f44a51da211,Event,MachineObservation,,3,,,,present,,,dde4a152-fc90-4f17-836e-9b0c85789340,"camera trap (motion detection) without bait",2018-07-10T06:42:17Z,"tags: Meerdaal Oost",76c42412-9da7-41f2-9634-dd4ba1f1c327,2019_5_956,,50.805,4.72667,WGS84,"Joris Vernaillen",2019-08-30T13:13:13Z,"classification method: human",,"Sus scrofa",Animalia,"wild boar"
4f180841-d653-4d59-afd1-793518335208,Event,MachineObservation,,3,undefined,juvenile,,present,,,e6f6eea4-861a-45a3-8693-e7c12a06bb37,"camera trap (motion detection) without bait",2018-06-12T23:30:12Z,"tags: Meerdaal West",5b251e28-b2e0-4e1e-a07d-620f432dbe7b,2018_3_807,,50.79852,4.70523,WGS84,"Kathleen Vanhuyse",2018-08-18T19:22:47Z,"classification method: human",,"Vulpes vulpes",Animalia,"Red Fox"
51189d31-f7e4-4a54-a5da-86ed86a36054,Event,MachineObservation,,1,undefined,adult,,present,,,880c2407-09a4-448b-b246-b3a04a322277,"camera trap (motion detection) without bait",2018-06-08T06:03:45Z,"tags: Heverleebos",f289e9b9-271e-4aa1-ab29-a16f8aa3ba87,2018_3_1563,,50.83431,4.69089,WGS84,"Niko Boone",2018-09-26T08:21:39Z,"classification method: human",,"Vulpes vulpes",Animalia,"Red Fox"
516e62aa-3acc-45f3-b9d1-b46e50ddd09d,Event,MachineObservation,,1,female,juvenile,,present,,,4a2fb56a-dcf1-4373-8090-e91cde99832f,"camera trap (motion detection) without bait",2018-06-12T06:48:19Z,"tags: Meerdaal Oost",7cd880d5-0b63-4ea3-8678-b1191cc32a6e,2018_3_1173,,50.81397,4.73384,WGS84,"Palma Iacobelli",2018-10-23T13:38:17Z,"classification method: human",,"Capreolus capreolus",Animalia,"western roe deer"
521e7125-17ab-4a33-9ada-56cfdd248640,Event,MachineObservation,,1,undefined,adult,,present,,,f9a655f1-d402-4bf4-a180-d38877f7e238,"camera trap (motion detection) without bait",2018-06-02T20:50:54Z,"tags: Meerdaal West",552b4792-3547-42ca-85d6-4fa5f0092fa8,2018_3_998,,50.80767,4.69119,WGS84,"Niko Boone",2018-10-10T14:34:59Z,"classification method: human",,"Lepus europaeus",Animalia,"European Hare"
538d9af8-3d93-401f-a6a1-b1aacbdb979d,Event,MachineObservation,,1,undefined,undefined,,present,,,7e0fa581-9aa6-4a53-bdb3-57095c739329,"camera trap (motion detection) without bait",2018-07-05T09:16:33Z,"tags: Meerdaal Oost",54f1c369-fbb4-48cb-a290-3621d9b8a3e6,2018_3_956,,50.805,4.72667,WGS84,"Palma Iacobelli",2018-10-26T07:38:42Z,"classification method: human",,"Vulpes vulpes",Animalia,"Red Fox"
56ce586f-b930-4999-ad60-0fbaa6d09e3f,Event,MachineObservation,,1,,,,present,,,dde4a152-fc90-4f17-836e-9b0c85789340,"camera trap (motion detection) without bait",2018-07-12T04:50:29Z,"tags: Meerdaal Oost",76c42412-9da7-41f2-9634-dd4ba1f1c327,2019_5_956,,50.805,4.72667,WGS84,"Joris Vernaillen",2019-08-30T13:20:10Z,"classification method: human",,"Sus scrofa",Animalia,"wild boar"
56f37c98-9c05-40d4-990e-3f5e28eb95cc,Event,MachineObservation,,1,undefined,undefined,,present,,,4a2fb56a-dcf1-4373-8090-e91cde99832f,"camera trap (motion detection) without bait",2018-06-16T16:25:19Z,"tags: Meerdaal Oost",7cd880d5-0b63-4ea3-8678-b1191cc32a6e,2018_3_1173,,50.81397,4.73384,WGS84,"Palma Iacobelli",2018-11-19T11:39:12Z,"classification method: human",,"Capreolus capreolus",Animalia,"western roe deer"
571a0f7d-fa16-4231-b343-54b5d54c0992,Event,MachineObservation,,1,undefined,adult,,present,,,880c2407-09a4-448b-b246-b3a04a322277,"camera trap (motion detection) without bait",2018-06-19T11:02:45Z,"tags: Heverleebos",f289e9b9-271e-4aa1-ab29-a16f8aa3ba87,2018_3_1563,,50.83431,4.69089,WGS84,"Niko Boone",2018-09-26T08:25:34Z,"classification method: human",,"Capreolus capreolus",Animalia,"western roe deer"
5737e98c-e0f0-4b31-a1b8-3e82b79df1d8,Event,MachineObservation,,1,male,undefined,,present,,,f9a655f1-d402-4bf4-a180-d38877f7e238,"camera trap (motion detection) without bait",2018-06-18T17:49:03Z,"tags: Meerdaal West",552b4792-3547-42ca-85d6-4fa5f0092fa8,2018_3_998,,50.80767,4.69119,WGS84,"Niko Boone",2018-10-10T14:44:18Z,"classification method: human",,"Capreolus capreolus",Animalia,"western roe deer"
5754f819-fe8b-488b-a32e-5927b08e36b6,Event,MachineObservation,,1,female,adult,,present,,,68967df1-2a14-4180-83c7-bded3faf17d0,"camera trap (motion detection) without bait",2018-06-27T21:18:13Z,"tags: Meerdaal West",19e7d52d-3943-4350-be6b-542097796821,2018_3_760,,50.79651,4.69855,WGS84,"Palma Iacobelli",2018-11-12T16:04:07Z,"classification method: human",,"Sus scrofa",Animalia,"wild boar"
5795e26e-6a61-4407-be8a-7f3ab03d749d,Event,MachineObservation,,1,,,,present,,,dde4a152-fc90-4f17-836e-9b0c85789340,"camera trap (motion detection) without bait",2018-07-03T07:31:55Z,"tags: Meerdaal Oost",76c42412-9da7-41f2-9634-dd4ba1f1c327,2019_5_956,,50.805,4.72667,WGS84,"Joris Vernaillen",2019-08-30T11:50:29Z,"classification method: human",,"Sus scrofa",Animalia,"wild boar"
58d53621-5930-428b-af47-3e7ed6a2d7ea,Event,MachineObservation,,1,female,undefined,,present,,,e6f6eea4-861a-45a3-8693-e7c12a06bb37,"camera trap (motion detection) without bait",2018-06-26T23:57:01Z,"tags: Meerdaal West",5b251e28-b2e0-4e1e-a07d-620f432dbe7b,2018_3_807,,50.79852,4.70523,WGS84,"Palma Iacobelli",2018-11-15T10:12:43Z,"classification method: human",,"Vulpes vulpes",Animalia,"Red Fox"
5e5258f9-6205-4bdb-9c05-feb5a1a45bc0,Event,MachineObservation,,1,undefined,undefined,,present,,,23945adb-0c21-441e-9de9-85d99faf3a92,"camera trap (motion detection) with food bait",2018-06-24T02:41:17Z,"apples as bait | tags: Meerdaal West",102e24cc-f0be-4d76-a0a7-207df901f59c,2018_3_751,,50.79618,4.66667,WGS84,"Kathleen Vanhuyse",2018-08-18T19:02:41Z,"classification method: human",,"Erinaceus europaeus",Animalia,"western European hedgehog"
61086d28-1b24-49ef-98ff-fa823e86f9bf,Event,MachineObservation,,1,undefined,juvenile,,present,,,e6f6eea4-861a-45a3-8693-e7c12a06bb37,"camera trap (motion detection) without bait",2018-06-05T22:47:08Z,"tags: Meerdaal West",5b251e28-b2e0-4e1e-a07d-620f432dbe7b,2018_3_807,,50.79852,4.70523,WGS84,"Kathleen Vanhuyse",2018-08-18T19:11:42Z,"classification method: human",,"Vulpes vulpes",Animalia,"Red Fox"
6675265b-b1ef-4ad7-b4a0-24c03708e898,Event,MachineObservation,,1,undefined,juvenile,,present,,,e6f6eea4-861a-45a3-8693-e7c12a06bb37,"camera trap (motion detection) without bait",2018-06-03T23:17:30Z,"tags: Meerdaal West",5b251e28-b2e0-4e1e-a07d-620f432dbe7b,2018_3_807,,50.79852,4.70523,WGS84,"Kathleen Vanhuyse",2018-08-18T19:10:27Z,"classification method: human",,"Vulpes vulpes",Animalia,"Red Fox"
672366dc-fc23-4afc-baaa-8e6d084248cd,Event,MachineObservation,,1,male,undefined,,present,,,89b1d091-e7ba-4254-9924-ee46bbd2a2b5,"camera trap (motion detection) without bait",2018-06-10T23:05:31Z,"tags: Meerdaal West",faea3ab8-58f7-4741-9acc-0291c2f69e5f,2018_3_1258,,50.81912,4.6634,WGS84,"Kathleen Vanhuyse",2018-08-18T19:25:58Z,"classification method: human",,"Capreolus capreolus",Animalia,"western roe deer"
6821f67a-dfd5-4b0b-b589-fc72b3046041,Event,MachineObservation,,1,undefined,adult,,present,,,ac911ed5-093c-4726-93a2-ed7aba2ddae5,"camera trap (motion detection) without bait",2018-06-28T18:42:00Z,"tags: Heverleebos",075737ee-a0f2-4e2d-b67e-7db7ddbfeb84,2018_3_1600,,50.83689,4.69752,WGS84,"Niko Boone",2018-09-26T08:43:58Z,"classification method: human",,"Capreolus capreolus",Animalia,"western roe deer"
68498f65-5859-45b3-b926-50ec9b0295db,Event,MachineObservation,,1,undefined,juvenile,,present,,,e6f6eea4-861a-45a3-8693-e7c12a06bb37,"camera trap (motion detection) without bait",2018-06-05T02:16:49Z,"tags: Meerdaal West",5b251e28-b2e0-4e1e-a07d-620f432dbe7b,2018_3_807,,50.79852,4.70523,WGS84,"Kathleen Vanhuyse",2018-08-18T19:11:16Z,"classification method: human",,"Vulpes vulpes",Animalia,"Red Fox"
6971e172-c837-4831-a3b2-3ab3c1dec6dc,Event,MachineObservation,,1,undefined,adult,,present,,,f9a655f1-d402-4bf4-a180-d38877f7e238,"camera trap (motion detection) without bait",2018-06-11T21:08:49Z,"tags: Meerdaal West",552b4792-3547-42ca-85d6-4fa5f0092fa8,2018_3_998,,50.80767,4.69119,WGS84,"Niko Boone",2018-10-10T14:43:02Z,"classification method: human",,"Vulpes vulpes",Animalia,"Red Fox"
699e351d-d12d-45fc-b071-e15e93135cd2,Event,MachineObservation,,2,undefined,juvenile,,present,,,e6f6eea4-861a-45a3-8693-e7c12a06bb37,"camera trap (motion detection) without bait",2018-06-09T02:34:38Z,"tags: Meerdaal West",5b251e28-b2e0-4e1e-a07d-620f432dbe7b,2018_3_807,,50.79852,4.70523,WGS84,"Kathleen Vanhuyse",2018-08-18T19:13:43Z,"classification method: human",,"Vulpes vulpes",Animalia,"Red Fox"
69f2c99f-aea1-4c14-9368-d0f336e6eb60,Event,MachineObservation,,1,undefined,juvenile,,present,,,e6f6eea4-861a-45a3-8693-e7c12a06bb37,"camera trap (motion detection) without bait",2018-06-09T17:42:29Z,"tags: Meerdaal West",5b251e28-b2e0-4e1e-a07d-620f432dbe7b,2018_3_807,,50.79852,4.70523,WGS84,"Kathleen Vanhuyse",2018-08-18T19:15:38Z,"classification method: human",,"Vulpes vulpes",Animalia,"Red Fox"
6a8136c8-8c16-4c79-99c6-46712b9dd08b,Event,MachineObservation,,1,female,juvenile,,present,,,7e0fa581-9aa6-4a53-bdb3-57095c739329,"camera trap (motion detection) without bait",2018-07-03T04:05:23Z,"tags: Meerdaal Oost",54f1c369-fbb4-48cb-a290-3621d9b8a3e6,2018_3_956,,50.805,4.72667,WGS84,"Palma Iacobelli",2018-10-26T07:32:58Z,"classification method: human",,"Capreolus capreolus",Animalia,"western roe deer"
6ba7ef5e-489a-492f-93c2-53f294cae75f,Event,MachineObservation,,1,undefined,juvenile,,present,,,e6f6eea4-861a-45a3-8693-e7c12a06bb37,"camera trap (motion detection) without bait",2018-06-08T23:45:18Z,"tags: Meerdaal West",5b251e28-b2e0-4e1e-a07d-620f432dbe7b,2018_3_807,,50.79852,4.70523,WGS84,"Kathleen Vanhuyse",2018-08-18T19:12:56Z,"classification method: human",,"Vulpes vulpes",Animalia,"Red Fox"
6c429689-b5b6-4cf6-97b6-cba74915bf77,Event,MachineObservation,,1,male,adult,,present,,,4a2fb56a-dcf1-4373-8090-e91cde99832f,"camera trap (motion detection) without bait",2018-07-07T22:26:49Z,"tags: Meerdaal Oost",7cd880d5-0b63-4ea3-8678-b1191cc32a6e,2018_3_1173,,50.81397,4.73384,WGS84,"Palma Iacobelli",2018-11-19T11:58:37Z,"classification method: human",,"Sus scrofa",Animalia,"wild boar"
6cae6dfd-2166-4243-a158-6d6251c3e5a9,Event,MachineObservation,,1,female,undefined,,present,,,23945adb-0c21-441e-9de9-85d99faf3a92,"camera trap (motion detection) with food bait",2018-06-13T02:50:00Z,"apples as bait | tags: Meerdaal West",102e24cc-f0be-4d76-a0a7-207df901f59c,2018_3_751,,50.79618,4.66667,WGS84,"Kathleen Vanhuyse",2018-08-18T18:59:08Z,"classification method: human",,"Sus scrofa",Animalia,"wild boar"
6cb24eb0-f752-4ba5-a1cc-0b0d007d4026,Event,MachineObservation,,2,undefined,juvenile,,present,,,880c2407-09a4-448b-b246-b3a04a322277,"camera trap (motion detection) without bait",2018-07-04T08:14:48Z,"tags: Heverleebos",f289e9b9-271e-4aa1-ab29-a16f8aa3ba87,2018_3_1563,,50.83431,4.69089,WGS84,"Niko Boone",2018-09-26T08:32:58Z,"classification method: human",,"Capreolus capreolus",Animalia,"western roe deer"
734658ac-1cf5-401d-9cee-d64de0814544,Event,MachineObservation,,1,undefined,undefined,,present,,,68967df1-2a14-4180-83c7-bded3faf17d0,"camera trap (motion detection) without bait",2018-06-27T01:01:06Z,"tags: Meerdaal West",19e7d52d-3943-4350-be6b-542097796821,2018_3_760,,50.79651,4.69855,WGS84,"Palma Iacobelli",2018-11-12T15:53:41Z,"classification method: human",,"Sus scrofa",Animalia,"wild boar"
7425a6ff-a0a0-4e93-a562-077fcd240c39,Event,MachineObservation,,1,,,,present,,,dde4a152-fc90-4f17-836e-9b0c85789340,"camera trap (motion detection) without bait",2018-07-05T09:40:26Z,"tags: Meerdaal Oost",76c42412-9da7-41f2-9634-dd4ba1f1c327,2019_5_956,,50.805,4.72667,WGS84,"Joris Vernaillen",2019-08-30T13:07:21Z,"classification method: human",,"Columba palumbus",Animalia,"Common Wood Pigeon"
76bb5a74-4778-48ac-a4ff-8c2fc73313f5,Event,MachineObservation,,1,female,undefined,,present,,,4a2fb56a-dcf1-4373-8090-e91cde99832f,"camera trap (motion detection) without bait",2018-07-05T14:10:12Z,"tags: Meerdaal Oost",7cd880d5-0b63-4ea3-8678-b1191cc32a6e,2018_3_1173,,50.81397,4.73384,WGS84,"Palma Iacobelli",2018-11-19T11:58:21Z,"classification method: human",,"Capreolus capreolus",Animalia,"western roe deer"
776b896a-f3a1-4673-be26-2ff11addf04b,Event,MachineObservation,,1,undefined,adult,,present,,,f9a655f1-d402-4bf4-a180-d38877f7e238,"camera trap (motion detection) without bait",2018-07-01T02:11:57Z,"tags: Meerdaal West",552b4792-3547-42ca-85d6-4fa5f0092fa8,2018_3_998,,50.80767,4.69119,WGS84,"Niko Boone",2018-10-10T14:46:27Z,"classification method: human",,"Vulpes vulpes",Animalia,"Red Fox"
78ae6479-0501-4b58-93c6-c3b971e0632a,Event,MachineObservation,,1,undefined,adult,,present,,,4a2fb56a-dcf1-4373-8090-e91cde99832f,"camera trap (motion detection) without bait",2018-06-20T02:04:32Z,"tags: Meerdaal Oost",7cd880d5-0b63-4ea3-8678-b1191cc32a6e,2018_3_1173,,50.81397,4.73384,WGS84,"Palma Iacobelli",2018-11-19T11:42:35Z,"classification method: human",,"Sus scrofa",Animalia,"wild boar"
78d6b879-7d2a-4727-96ca-dc24bf073317,Event,MachineObservation,,1,undefined,undefined,,present,,,7e0fa581-9aa6-4a53-bdb3-57095c739329,"camera trap (motion detection) without bait",2018-06-29T05:41:48Z,"tags: Meerdaal Oost",54f1c369-fbb4-48cb-a290-3621d9b8a3e6,2018_3_956,,50.805,4.72667,WGS84,"Palma Iacobelli",2018-10-26T07:29:24Z,"classification method: human",,"Sciurus vulgaris",Animalia,"Eurasian Red Squirrel"
7b0d29d8-1239-4df6-94fe-2f43e4676e9b,Event,MachineObservation,,1,,,,present,,,dde4a152-fc90-4f17-836e-9b0c85789340,"camera trap (motion detection) without bait",2018-07-10T06:29:50Z,"tags: Meerdaal Oost",76c42412-9da7-41f2-9634-dd4ba1f1c327,2019_5_956,,50.805,4.72667,WGS84,"Joris Vernaillen",2019-08-30T13:08:29Z,"classification method: human",,"Sus scrofa",Animalia,"wild boar"
7bc38c70-dc79-4524-825d-fb2a657ddbcc,Event,MachineObservation,,2,undefined,adult,,present,,,94f0d31f-a775-447e-ac74-715d6042e52e,"camera trap (motion detection) without bait",2018-06-10T06:09:05Z,"tags: Meerdaal West",82d0f36a-9783-49e5-b864-9994425d1dbb,2018_3_1046,,50.80958,4.67348,WGS84,"Palma Iacobelli",2018-11-29T15:04:15Z,"classification method: human",,"Equus caballus",Animalia,Horse
7e3b2002-4b7e-4cfc-a2a9-d4b17ecacb50,Event,MachineObservation,,1,undefined,undefined,,present,,,e6f6eea4-861a-45a3-8693-e7c12a06bb37,"camera trap (motion detection) without bait",2018-06-15T03:48:09Z,"tags: Meerdaal West",5b251e28-b2e0-4e1e-a07d-620f432dbe7b,2018_3_807,,50.79852,4.70523,WGS84,"Palma Iacobelli",2018-11-15T09:53:07Z,"classification method: human",,"Vulpes vulpes",Animalia,"Red Fox"
7e8cc6fc-20cb-43d6-a07f-e098fdca6955,Event,MachineObservation,,1,female,adult,,present,,,880c2407-09a4-448b-b246-b3a04a322277,"camera trap (motion detection) without bait",2018-06-22T03:28:26Z,"tags: Heverleebos",f289e9b9-271e-4aa1-ab29-a16f8aa3ba87,2018_3_1563,,50.83431,4.69089,WGS84,"Niko Boone",2018-09-26T08:26:22Z,"classification method: human",,"Capreolus capreolus",Animalia,"western roe deer"
7fd47eae-b93c-4628-9520-db8a536ad3cb,Event,MachineObservation,,1,female,undefined,,present,,,63e66e2c-db46-4091-a180-aa35a76f1d37,"camera trap (motion detection) without bait",2018-06-14T11:22:15Z,"tags: Meerdaal Oost",e6143a98-ecfd-49fd-ab08-ddf7a5be5ce7,2018_3_1280,,50.81844,4.74097,WGS84,"Palma Iacobelli",2018-10-25T14:22:53Z,"classification method: human",,"Capreolus capreolus",Animalia,"western roe deer"
81ac746c-8945-48db-8deb-996392a139d5,Event,MachineObservation,,1,undefined,juvenile,,present,,,7de2324a-9f15-42bb-a60f-152154da9262,"camera trap (motion detection) without bait",2018-06-24T16:05:17Z,"tags: Heverleebos",22edbc0b-7acc-4207-a681-c3149b63f87a,2018_3_1445,,50.82747,4.67711,WGS84,"Niko Boone",2018-09-26T08:45:23Z,"classification method: human",,"Capreolus capreolus",Animalia,"western roe deer"
81f7f6b3-ad9c-4289-953a-f76e8200ec51,Event,MachineObservation,,1,undefined,undefined,,present,,,4a2fb56a-dcf1-4373-8090-e91cde99832f,"camera trap (motion detection) without bait",2018-06-15T21:59:30Z,"tags: Meerdaal Oost",7cd880d5-0b63-4ea3-8678-b1191cc32a6e,2018_3_1173,,50.81397,4.73384,WGS84,"Jim Casaer",2018-10-23T13:41:00Z,"classification method: human",,"Capreolus capreolus",Animalia,"western roe deer"
83c0c595-c870-4bd5-a13d-45178b73525b,Event,MachineObservation,,1,undefined,undefined,,present,,,68967df1-2a14-4180-83c7-bded3faf17d0,"camera trap (motion detection) without bait",2018-06-17T00:46:36Z,"tags: Meerdaal West",19e7d52d-3943-4350-be6b-542097796821,2018_3_760,,50.79651,4.69855,WGS84,"Palma Iacobelli",2018-11-12T15:49:24Z,"classification method: human",,"Sus scrofa",Animalia,"wild boar"
84320898-51fd-47d9-9198-b545bce411a6,Event,MachineObservation,,1,undefined,undefined,,present,,,89b1d091-e7ba-4254-9924-ee46bbd2a2b5,"camera trap (motion detection) without bait",2018-06-29T04:29:42Z,"tags: Meerdaal West",faea3ab8-58f7-4741-9acc-0291c2f69e5f,2018_3_1258,,50.81912,4.6634,WGS84,"Kathleen Vanhuyse",2018-08-18T19:26:20Z,"classification method: human",,"Sciurus vulgaris",Animalia,"Eurasian Red Squirrel"
8605df8d-c0e0-402d-a3fa-43629b0ad22a,Event,MachineObservation,,1,undefined,adult,,present,,,880c2407-09a4-448b-b246-b3a04a322277,"camera trap (motion detection) without bait",2018-06-08T02:55:39Z,"tags: Heverleebos",f289e9b9-271e-4aa1-ab29-a16f8aa3ba87,2018_3_1563,,50.83431,4.69089,WGS84,"Niko Boone",2018-09-26T08:20:44Z,"classification method: human",,"Capreolus capreolus",Animalia,"western roe deer"
88552875-c1cb-48f8-bfe5-fd9557380bc4,Event,MachineObservation,,1,undefined,undefined,,present,,,4a2fb56a-dcf1-4373-8090-e91cde99832f,"camera trap (motion detection) without bait",2018-06-29T22:17:22Z,"tags: Meerdaal Oost",7cd880d5-0b63-4ea3-8678-b1191cc32a6e,2018_3_1173,,50.81397,4.73384,WGS84,"Palma Iacobelli",2018-11-19T11:48:34Z,"classification method: human",,"Sus scrofa",Animalia,"wild boar"
886bbbe1-1cd0-4505-bae8-2698d0fc01e3,Event,MachineObservation,,1,undefined,adult,,present,,,e6f6eea4-861a-45a3-8693-e7c12a06bb37,"camera trap (motion detection) without bait",2018-06-22T16:25:33Z,"tags: Meerdaal West",5b251e28-b2e0-4e1e-a07d-620f432dbe7b,2018_3_807,,50.79852,4.70523,WGS84,"Palma Iacobelli",2018-11-15T10:07:26Z,"classification method: human",,"Vulpes vulpes",Animalia,"Red Fox"
886d6b48-cec7-4dac-b88f-64f879e7a9aa,Event,MachineObservation,,3,undefined,juvenile,,present,,,e6f6eea4-861a-45a3-8693-e7c12a06bb37,"camera trap (motion detection) without bait",2018-06-12T23:07:48Z,"tags: Meerdaal West",5b251e28-b2e0-4e1e-a07d-620f432dbe7b,2018_3_807,,50.79852,4.70523,WGS84,"Kathleen Vanhuyse",2018-08-18T19:21:19Z,"classification method: human",,"Vulpes vulpes",Animalia,"Red Fox"
89742bdc-9823-4014-8772-eeacdc93f34e,Event,MachineObservation,,1,male,juvenile,,present,,,68967df1-2a14-4180-83c7-bded3faf17d0,"camera trap (motion detection) without bait",2018-06-27T07:49:48Z,"tags: Meerdaal West",19e7d52d-3943-4350-be6b-542097796821,2018_3_760,,50.79651,4.69855,WGS84,"Palma Iacobelli",2018-11-12T16:02:29Z,"classification method: human",,"Sus scrofa",Animalia,"wild boar"
8b1cb33b-f4f9-4a63-af16-65775c0531d8,Event,MachineObservation,,1,male,adult,,present,,,4a2fb56a-dcf1-4373-8090-e91cde99832f,"camera trap (motion detection) without bait",2018-06-12T22:48:50Z,"tags: Meerdaal Oost",7cd880d5-0b63-4ea3-8678-b1191cc32a6e,2018_3_1173,,50.81397,4.73384,WGS84,"Jim Casaer",2018-10-23T13:38:48Z,"classification method: human",,"Sus scrofa",Animalia,"wild boar"
8cade2ef-58e4-40f5-bec6-300f347918d3,Event,MachineObservation,,2,female,adult,,present,,,94f0d31f-a775-447e-ac74-715d6042e52e,"camera trap (motion detection) without bait",2018-06-10T05:50:01Z,"tags: Meerdaal West",82d0f36a-9783-49e5-b864-9994425d1dbb,2018_3_1046,,50.80958,4.67348,WGS84,"Palma Iacobelli",2018-11-29T14:57:49Z,"classification method: human",,"Equus caballus",Animalia,Horse
8eb2f05f-6485-43fa-b568-0513bcfe6e27,Event,MachineObservation,,2,undefined,undefined,,present,,,94f0d31f-a775-447e-ac74-715d6042e52e,"camera trap (motion detection) without bait",2018-06-10T05:50:01Z,"tags: Meerdaal West",82d0f36a-9783-49e5-b864-9994425d1dbb,2018_3_1046,,50.80958,4.67348,WGS84,"Palma Iacobelli",2018-11-29T15:00:32Z,"classification method: human",,"Equus caballus",Animalia,Horse
8f1353c2-ad7d-46c6-b5f5-15ec472bce68,Event,MachineObservation,,2,male,adult,,present,,,94f0d31f-a775-447e-ac74-715d6042e52e,"camera trap (motion detection) without bait",2018-06-10T05:50:01Z,"tags: Meerdaal West",82d0f36a-9783-49e5-b864-9994425d1dbb,2018_3_1046,,50.80958,4.67348,WGS84,"Palma Iacobelli",2018-11-29T14:57:04Z,"classification method: human",,"Equus caballus",Animalia,Horse
928be81e-4c3d-464f-8e07-1657ce4b403e,Event,MachineObservation,,3,undefined,undefined,,present,,,e6f6eea4-861a-45a3-8693-e7c12a06bb37,"camera trap (motion detection) without bait",2018-06-24T21:58:00Z,"tags: Meerdaal West",5b251e28-b2e0-4e1e-a07d-620f432dbe7b,2018_3_807,,50.79852,4.70523,WGS84,"Palma Iacobelli",2018-11-15T10:10:29Z,"classification method: human",,"Sus scrofa",Animalia,"wild boar"
92f7f507-9574-4c12-b060-d2c95dcd0a5e,Event,MachineObservation,,1,female,adult,,present,,,7e0fa581-9aa6-4a53-bdb3-57095c739329,"camera trap (motion detection) without bait",2018-07-04T19:22:28Z,"tags: Meerdaal Oost",54f1c369-fbb4-48cb-a290-3621d9b8a3e6,2018_3_956,,50.805,4.72667,WGS84,"Niko Boone",2018-10-26T07:38:24Z,"classification method: human",,"Capreolus capreolus",Animalia,"western roe deer"
962d1461-c5ce-4d9c-807c-63afd390349f,Event,MachineObservation,,1,undefined,undefined,,present,,,4a2fb56a-dcf1-4373-8090-e91cde99832f,"camera trap (motion detection) without bait",2018-06-08T16:18:40Z,"tags: Meerdaal Oost",7cd880d5-0b63-4ea3-8678-b1191cc32a6e,2018_3_1173,,50.81397,4.73384,WGS84,"Jim Casaer",2018-10-23T13:37:23Z,"classification method: human",,"Capreolus capreolus",Animalia,"western roe deer"
963ae8af-e4bd-43bb-86e2-fd344a5d86f8,Event,MachineObservation,,1,female,adult,,present,,,94f0d31f-a775-447e-ac74-715d6042e52e,"camera trap (motion detection) without bait",2018-06-20T19:45:24Z,"tags: Meerdaal West",82d0f36a-9783-49e5-b864-9994425d1dbb,2018_3_1046,,50.80958,4.67348,WGS84,"Palma Iacobelli",2018-11-29T15:06:03Z,"classification method: human",,"Equus caballus",Animalia,Horse
97f69de4-6eab-4bf4-8601-21aa64fcc226,Event,MachineObservation,,1,,,,present,,,dde4a152-fc90-4f17-836e-9b0c85789340,"camera trap (motion detection) without bait",2018-07-11T04:04:21Z,"tags: Meerdaal Oost",76c42412-9da7-41f2-9634-dd4ba1f1c327,2019_5_956,,50.805,4.72667,WGS84,"Joris Vernaillen",2019-08-30T13:18:07Z,"classification method: human",,"Sus scrofa",Animalia,"wild boar"
99004037-0bd8-4df6-8ef0-024cd6a4c327,Event,MachineObservation,,2,female,adult,,present,,,7e0fa581-9aa6-4a53-bdb3-57095c739329,"camera trap (motion detection) without bait",2018-06-24T21:30:16Z,"tags: Meerdaal Oost",54f1c369-fbb4-48cb-a290-3621d9b8a3e6,2018_3_956,,50.805,4.72667,WGS84,"Palma Iacobelli",2018-10-26T07:23:57Z,"classification method: human",,"Sus scrofa",Animalia,"wild boar"
9990176f-5eae-4e16-82a7-41a571ac1b72,Event,MachineObservation,,1,undefined,juvenile,,present,,,e6f6eea4-861a-45a3-8693-e7c12a06bb37,"camera trap (motion detection) without bait",2018-06-12T22:14:53Z,"tags: Meerdaal West",5b251e28-b2e0-4e1e-a07d-620f432dbe7b,2018_3_807,,50.79852,4.70523,WGS84,"Kathleen Vanhuyse",2018-08-18T19:17:02Z,"classification method: human",,"Vulpes vulpes",Animalia,"Red Fox"
99c1fdac-de57-495f-bf70-7ad597704070,Event,MachineObservation,,1,female,adult,,present,,,880c2407-09a4-448b-b246-b3a04a322277,"camera trap (motion detection) without bait",2018-06-23T05:13:03Z,"tags: Heverleebos",f289e9b9-271e-4aa1-ab29-a16f8aa3ba87,2018_3_1563,,50.83431,4.69089,WGS84,"Niko Boone",2018-09-26T08:29:17Z,"classification method: human",,"Capreolus capreolus",Animalia,"western roe deer"
9a2794a7-faff-49e9-8523-9c8514e9bd6b,Event,MachineObservation,,1,female,undefined,,present,,,63e66e2c-db46-4091-a180-aa35a76f1d37,"camera trap (motion detection) without bait",2018-07-07T19:47:31Z,"tags: Meerdaal Oost",e6143a98-ecfd-49fd-ab08-ddf7a5be5ce7,2018_3_1280,,50.81844,4.74097,WGS84,"Palma Iacobelli",2018-10-25T14:24:12Z,"classification method: human",,"Capreolus capreolus",Animalia,"western roe deer"
9a82a600-1b8b-4299-8b54-48b4915aec75,Event,MachineObservation,,4,undefined,juvenile,,present,,,68967df1-2a14-4180-83c7-bded3faf17d0,"camera trap (motion detection) without bait",2018-06-12T00:25:20Z,"tags: Meerdaal West",19e7d52d-3943-4350-be6b-542097796821,2018_3_760,,50.79651,4.69855,WGS84,"Kathleen Vanhuyse",2018-08-18T19:07:58Z,"classification method: human",,"Sus scrofa",Animalia,"wild boar"
9ac93419-6c68-4523-99ef-9e2bd26d8a88,Event,MachineObservation,,1,undefined,juvenile,,present,,,562ce88f-0b02-41e5-9b5a-80b5e0b5b40e,"camera trap (motion detection) without bait",2018-06-19T16:45:30Z,"tags: Meerdaal Oost",2caebcc9-dc8a-4aee-acc8-9abb8f0a7edb,2018_3_909,,50.80273,4.73375,WGS84,"Palma Iacobelli",2018-10-25T14:17:57Z,"classification method: human",,"Capreolus capreolus",Animalia,"western roe deer"
9ae0e4d3-08ce-48c3-acaa-81f7030b8528,Event,MachineObservation,,1,undefined,undefined,,present,,,4a2fb56a-dcf1-4373-8090-e91cde99832f,"camera trap (motion detection) without bait",2018-06-15T10:10:08Z,"tags: Meerdaal Oost",7cd880d5-0b63-4ea3-8678-b1191cc32a6e,2018_3_1173,,50.81397,4.73384,WGS84,"Jim Casaer",2018-10-23T13:40:29Z,"classification method: human",,"Capreolus capreolus",Animalia,"western roe deer"
9b301440-8829-4baa-ab67-381387e8e0d8,Event,MachineObservation,,1,undefined,adult,,present,,,ac911ed5-093c-4726-93a2-ed7aba2ddae5,"camera trap (motion detection) without bait",2018-06-22T04:40:37Z,"tags: Heverleebos",075737ee-a0f2-4e2d-b67e-7db7ddbfeb84,2018_3_1600,,50.83689,4.69752,WGS84,"Palma Iacobelli",2018-11-15T09:49:14Z,"classification method: human",,"Vulpes vulpes",Animalia,"Red Fox"
9b9f2b58-74ed-4d15-b1d0-abd976e1f4ce,Event,MachineObservation,,1,undefined,adult,,present,,,f9a655f1-d402-4bf4-a180-d38877f7e238,"camera trap (motion detection) without bait",2018-06-10T12:57:45Z,"tags: Meerdaal West",552b4792-3547-42ca-85d6-4fa5f0092fa8,2018_3_998,,50.80767,4.69119,WGS84,"Niko Boone",2018-10-10T14:41:00Z,"classification method: human",,"Vulpes vulpes",Animalia,"Red Fox"
9da31afa-710d-4c34-923f-c2140382c4c9,Event,MachineObservation,,1,undefined,juvenile,,present,,,e6f6eea4-861a-45a3-8693-e7c12a06bb37,"camera trap (motion detection) without bait",2018-06-07T02:41:25Z,"tags: Meerdaal West",5b251e28-b2e0-4e1e-a07d-620f432dbe7b,2018_3_807,,50.79852,4.70523,WGS84,"Kathleen Vanhuyse",2018-08-18T19:12:09Z,"classification method: human",,"Vulpes vulpes",Animalia,"Red Fox"
9e78df00-c8d2-4ee6-9134-ba55fb8067ef,Event,MachineObservation,,1,undefined,undefined,,present,,,4a2fb56a-dcf1-4373-8090-e91cde99832f,"camera trap (motion detection) without bait",2018-06-26T10:52:39Z,"tags: Meerdaal Oost",7cd880d5-0b63-4ea3-8678-b1191cc32a6e,2018_3_1173,,50.81397,4.73384,WGS84,"Palma Iacobelli",2018-11-19T11:45:20Z,"classification method: human",,"Capreolus capreolus",Animalia,"western roe deer"
9f016e18-3ff5-4514-b42f-f88c317898aa,Event,MachineObservation,,1,female,adult,,present,,,880c2407-09a4-448b-b246-b3a04a322277,"camera trap (motion detection) without bait",2018-06-22T07:35:02Z,"tags: Heverleebos",f289e9b9-271e-4aa1-ab29-a16f8aa3ba87,2018_3_1563,,50.83431,4.69089,WGS84,"Niko Boone",2018-09-26T08:27:32Z,"classification method: human",,"Capreolus capreolus",Animalia,"western roe deer"
a1a33e5b-326a-4e0e-badd-a8bce6d296b4,Event,MachineObservation,,1,,,,present,,,dde4a152-fc90-4f17-836e-9b0c85789340,"camera trap (motion detection) without bait",2018-07-11T04:12:06Z,"tags: Meerdaal Oost",76c42412-9da7-41f2-9634-dd4ba1f1c327,2019_5_956,,50.805,4.72667,WGS84,"Joris Vernaillen",2019-08-30T13:19:45Z,"classification method: human",,"Sus scrofa",Animalia,"wild boar"
a1ab151e-65df-43b7-a9a9-b4c3b730c757,Event,MachineObservation,,1,female,adult,,present,,,880c2407-09a4-448b-b246-b3a04a322277,"camera trap (motion detection) without bait",2018-07-04T08:14:48Z,"tags: Heverleebos",f289e9b9-271e-4aa1-ab29-a16f8aa3ba87,2018_3_1563,,50.83431,4.69089,WGS84,"Niko Boone",2018-09-26T08:32:49Z,"classification method: human",,"Capreolus capreolus",Animalia,"western roe deer"
a424c1d5-f277-4259-a6bd-ba0be79f0f7c,Event,MachineObservation,,6,undefined,juvenile,,present,,,23945adb-0c21-441e-9de9-85d99faf3a92,"camera trap (motion detection) with food bait",2018-06-18T00:36:56Z,"apples as bait | tags: Meerdaal West",102e24cc-f0be-4d76-a0a7-207df901f59c,2018_3_751,,50.79618,4.66667,WGS84,"Kathleen Vanhuyse",2018-08-18T19:01:25Z,"classification method: human",,"Sus scrofa",Animalia,"wild boar"
a6a794b2-5505-401b-b436-2d37d95ccd64,Event,MachineObservation,,1,female,adult,,present,,,880c2407-09a4-448b-b246-b3a04a322277,"camera trap (motion detection) without bait",2018-06-13T23:33:17Z,"tags: Heverleebos",f289e9b9-271e-4aa1-ab29-a16f8aa3ba87,2018_3_1563,,50.83431,4.69089,WGS84,"Niko Boone",2018-09-26T08:24:40Z,"classification method: human",,"Capreolus capreolus",Animalia,"western roe deer"
a85a285a-9d69-4fbc-b0f9-9b8ba8d34c9c,Event,MachineObservation,,1,female,adult,,present,,,7e0fa581-9aa6-4a53-bdb3-57095c739329,"camera trap (motion detection) without bait",2018-07-04T06:17:24Z,"tags: Meerdaal Oost",54f1c369-fbb4-48cb-a290-3621d9b8a3e6,2018_3_956,,50.805,4.72667,WGS84,"Palma Iacobelli",2018-10-26T07:36:37Z,"classification method: human",,"Capreolus capreolus",Animalia,"western roe deer"
aba2128e-ecf6-4ebe-83f0-10528778750f,Event,MachineObservation,,1,undefined,adult,,present,,,f7991db5-01a3-4708-af89-4a5ff5c6a3f6,"camera trap (motion detection) without bait",2018-06-16T04:49:44Z,"tags: Heverleebos",208b7d32-78e4-4491-9153-d1dcbb230d9a,2018_3_1665,,50.84151,4.69538,WGS84,"Niko Boone",2018-09-25T13:27:46Z,"classification method: human",,"Capreolus capreolus",Animalia,"western roe deer"
ac7349d5-1fa3-4002-8006-20794a41d758,Event,MachineObservation,,1,undefined,juvenile,,present,,,e6f6eea4-861a-45a3-8693-e7c12a06bb37,"camera trap (motion detection) without bait",2018-06-09T06:05:46Z,"tags: Meerdaal West",5b251e28-b2e0-4e1e-a07d-620f432dbe7b,2018_3_807,,50.79852,4.70523,WGS84,"Kathleen Vanhuyse",2018-08-18T19:15:21Z,"classification method: human",,"Vulpes vulpes",Animalia,"Red Fox"
ae599c1b-8e64-4251-8be2-4c7d4c38234e,Event,MachineObservation,,1,undefined,undefined,,present,,,89b1d091-e7ba-4254-9924-ee46bbd2a2b5,"camera trap (motion detection) without bait",2018-07-01T04:38:05Z,"tags: Meerdaal West",faea3ab8-58f7-4741-9acc-0291c2f69e5f,2018_3_1258,,50.81912,4.6634,WGS84,"Kathleen Vanhuyse",2018-08-18T19:26:54Z,"classification method: human",,"Sus scrofa",Animalia,"wild boar"
afa5f60f-3d36-4646-99b5-8a85d3079283,Event,MachineObservation,,2,undefined,juvenile,,present,,,880c2407-09a4-448b-b246-b3a04a322277,"camera trap (motion detection) without bait",2018-06-23T05:13:03Z,"tags: Heverleebos",f289e9b9-271e-4aa1-ab29-a16f8aa3ba87,2018_3_1563,,50.83431,4.69089,WGS84,"Niko Boone",2018-09-26T08:29:28Z,"classification method: human",,"Capreolus capreolus",Animalia,"western roe deer"
b220b121-aba8-4fbe-9d58-6323cfa14c20,Event,MachineObservation,,1,female,adult,,present,,,7e0fa581-9aa6-4a53-bdb3-57095c739329,"camera trap (motion detection) without bait",2018-07-04T05:19:03Z,"tags: Meerdaal Oost",54f1c369-fbb4-48cb-a290-3621d9b8a3e6,2018_3_956,,50.805,4.72667,WGS84,"Niko Boone",2018-10-26T07:33:45Z,"classification method: human",,"Capreolus capreolus",Animalia,"western roe deer"
b4df7024-9585-475e-beec-265029e52edb,Event,MachineObservation,,1,undefined,juvenile,,present,,,e6f6eea4-861a-45a3-8693-e7c12a06bb37,"camera trap (motion detection) without bait",2018-06-09T06:02:10Z,"tags: Meerdaal West",5b251e28-b2e0-4e1e-a07d-620f432dbe7b,2018_3_807,,50.79852,4.70523,WGS84,"Kathleen Vanhuyse",2018-08-18T19:14:36Z,"classification method: human",,"Vulpes vulpes",Animalia,"Red Fox"
b6714fa9-698e-4652-a2f1-8e2d5485d37d,Event,MachineObservation,,2,female,undefined,,present,,,4a2fb56a-dcf1-4373-8090-e91cde99832f,"camera trap (motion detection) without bait",2018-06-29T22:17:22Z,"tags: Meerdaal Oost",7cd880d5-0b63-4ea3-8678-b1191cc32a6e,2018_3_1173,,50.81397,4.73384,WGS84,"Palma Iacobelli",2018-11-19T11:48:25Z,"classification method: human",,"Sus scrofa",Animalia,"wild boar"
b729c1e9-a483-4746-b04d-b8a22635299e,Event,MachineObservation,,1,undefined,juvenile,,present,,,e6f6eea4-861a-45a3-8693-e7c12a06bb37,"camera trap (motion detection) without bait",2018-06-10T03:44:32Z,"tags: Meerdaal West",5b251e28-b2e0-4e1e-a07d-620f432dbe7b,2018_3_807,,50.79852,4.70523,WGS84,"Kathleen Vanhuyse",2018-08-18T19:15:54Z,"classification method: human",,"Vulpes vulpes",Animalia,"Red Fox"
ba26a391-3e70-430b-bbaf-6f884cc87902,Event,MachineObservation,,4,undefined,juvenile,,present,,,7e0fa581-9aa6-4a53-bdb3-57095c739329,"camera trap (motion detection) without bait",2018-06-24T21:30:16Z,"tags: Meerdaal Oost",54f1c369-fbb4-48cb-a290-3621d9b8a3e6,2018_3_956,,50.805,4.72667,WGS84,"Palma Iacobelli",2018-10-26T07:24:11Z,"classification method: human",,"Sus scrofa",Animalia,"wild boar"
bab5ea30-5f58-446f-ad6c-6af9375f2d3b,Event,MachineObservation,,1,male,adult,,present,,,880c2407-09a4-448b-b246-b3a04a322277,"camera trap (motion detection) without bait",2018-06-10T03:33:07Z,"tags: Heverleebos",f289e9b9-271e-4aa1-ab29-a16f8aa3ba87,2018_3_1563,,50.83431,4.69089,WGS84,"Niko Boone",2018-09-26T08:23:30Z,"classification method: human",,"Capreolus capreolus",Animalia,"western roe deer"
bbe9a46d-db3a-42d3-b5d0-3d926c21c165,Event,MachineObservation,,1,undefined,undefined,,present,,,e6f6eea4-861a-45a3-8693-e7c12a06bb37,"camera trap (motion detection) without bait",2018-06-15T02:56:17Z,"tags: Meerdaal West",5b251e28-b2e0-4e1e-a07d-620f432dbe7b,2018_3_807,,50.79852,4.70523,WGS84,"Palma Iacobelli",2018-11-15T09:52:43Z,"classification method: human",,"Vulpes vulpes",Animalia,"Red Fox"
beafbd9c-ab38-49eb-beb6-dfea408b7fc3,Event,MachineObservation,,5,,subadult,,present,,,dde4a152-fc90-4f17-836e-9b0c85789340,"camera trap (motion detection) without bait",2018-07-12T04:54:54Z,"tags: Meerdaal Oost",76c42412-9da7-41f2-9634-dd4ba1f1c327,2019_5_956,,50.805,4.72667,WGS84,"Joris Vernaillen",2019-08-30T13:21:52Z,"classification method: human",,"Sus scrofa",Animalia,"wild boar"
bfb73f26-0421-4399-8ca5-7426c9d9e883,Event,MachineObservation,,1,undefined,adult,,present,,,f9a655f1-d402-4bf4-a180-d38877f7e238,"camera trap (motion detection) without bait",2018-06-04T21:27:30Z,"tags: Meerdaal West",552b4792-3547-42ca-85d6-4fa5f0092fa8,2018_3_998,,50.80767,4.69119,WGS84,"Niko Boone",2018-10-10T14:35:52Z,"classification method: human",,"Vulpes vulpes",Animalia,"Red Fox"
c5048b87-d667-4229-8e75-65e5eec074e8,Event,MachineObservation,,1,undefined,adult,,present,,,e6f6eea4-861a-45a3-8693-e7c12a06bb37,"camera trap (motion detection) without bait",2018-06-23T23:35:18Z,"tags: Meerdaal West",5b251e28-b2e0-4e1e-a07d-620f432dbe7b,2018_3_807,,50.79852,4.70523,WGS84,"Palma Iacobelli",2018-11-15T10:07:54Z,"classification method: human",,"Vulpes vulpes",Animalia,"Red Fox"
c5254270-23f9-4554-906c-bac1d5a14d28,Event,MachineObservation,,2,undefined,juvenile,,present,,,e6f6eea4-861a-45a3-8693-e7c12a06bb37,"camera trap (motion detection) without bait",2018-06-12T23:03:45Z,"tags: Meerdaal West",5b251e28-b2e0-4e1e-a07d-620f432dbe7b,2018_3_807,,50.79852,4.70523,WGS84,"Kathleen Vanhuyse",2018-08-18T19:19:14Z,"classification method: human",,"Vulpes vulpes",Animalia,"Red Fox"
c6b6c4fa-9339-4338-9956-625f408adde2,Event,MachineObservation,,1,undefined,juvenile,,present,,,e6f6eea4-861a-45a3-8693-e7c12a06bb37,"camera trap (motion detection) without bait",2018-06-28T08:04:10Z,"tags: Meerdaal West",5b251e28-b2e0-4e1e-a07d-620f432dbe7b,2018_3_807,,50.79852,4.70523,WGS84,"Palma Iacobelli",2018-11-15T10:15:18Z,"classification method: human",,"Capreolus capreolus",Animalia,"western roe deer"
c6eab2e1-b070-4eec-a44a-1faad52e4114,Event,MachineObservation,,1,undefined,undefined,,present,,,23945adb-0c21-441e-9de9-85d99faf3a92,"camera trap (motion detection) with food bait",2018-06-13T03:46:54Z,"apples as bait | tags: Meerdaal West",102e24cc-f0be-4d76-a0a7-207df901f59c,2018_3_751,,50.79618,4.66667,WGS84,"Kathleen Vanhuyse",2018-08-18T18:59:37Z,"classification method: human",,"Sus scrofa",Animalia,"wild boar"
cb7b6963-e84e-4e62-9fbe-c637c251587b,Event,MachineObservation,,1,male,adult,,present,,,94f0d31f-a775-447e-ac74-715d6042e52e,"camera trap (motion detection) without bait",2018-06-10T06:09:05Z,"tags: Meerdaal West",82d0f36a-9783-49e5-b864-9994425d1dbb,2018_3_1046,,50.80958,4.67348,WGS84,"Palma Iacobelli",2018-11-29T15:03:45Z,"classification method: human",,"Equus caballus",Animalia,Horse
ce8c951d-1b6c-4c9f-85fe-cf6d87eec7c5,Event,MachineObservation,,1,female,undefined,,present,,,68967df1-2a14-4180-83c7-bded3faf17d0,"camera trap (motion detection) without bait",2018-06-06T02:23:36Z,"tags: Meerdaal West",19e7d52d-3943-4350-be6b-542097796821,2018_3_760,,50.79651,4.69855,WGS84,"Kathleen Vanhuyse",2018-08-18T19:04:42Z,"classification method: human",,"Sus scrofa",Animalia,"wild boar"
cfcba836-2607-4ccb-b9b5-4493b42e1ec1,Event,MachineObservation,,1,,adult,,present,,,dde4a152-fc90-4f17-836e-9b0c85789340,"camera trap (motion detection) without bait",2018-07-14T05:37:50Z,"tags: Meerdaal Oost",76c42412-9da7-41f2-9634-dd4ba1f1c327,2019_5_956,,50.805,4.72667,WGS84,"Joris Vernaillen",2019-08-30T13:22:30Z,"classification method: human",,"Sus scrofa",Animalia,"wild boar"
d33bd404-09da-435e-b243-e8b379fb1b66,Event,MachineObservation,,2,,,,present,,,dde4a152-fc90-4f17-836e-9b0c85789340,"camera trap (motion detection) without bait",2018-07-04T08:51:35Z,"tags: Meerdaal Oost",76c42412-9da7-41f2-9634-dd4ba1f1c327,2019_5_956,,50.805,4.72667,WGS84,"Joris Vernaillen",2019-08-30T11:50:57Z,"classification method: human",,"Sus scrofa",Animalia,"wild boar"
d364ac19-43cb-40d2-801b-359c75bf8bf4,Event,MachineObservation,,1,female,undefined,,present,,,23945adb-0c21-441e-9de9-85d99faf3a92,"camera trap (motion detection) with food bait",2018-06-08T01:01:23Z,"apples as bait | tags: Meerdaal West",102e24cc-f0be-4d76-a0a7-207df901f59c,2018_3_751,,50.79618,4.66667,WGS84,"Kathleen Vanhuyse",2018-08-18T18:54:30Z,"classification method: human",,"Sus scrofa",Animalia,"wild boar"
d559f159-d3f1-4bb4-86a0-12189f65e5dd,Event,MachineObservation,,1,male,adult,,present,,,94f0d31f-a775-447e-ac74-715d6042e52e,"camera trap (motion detection) without bait",2018-06-25T21:03:41Z,"tags: Meerdaal West",82d0f36a-9783-49e5-b864-9994425d1dbb,2018_3_1046,,50.80958,4.67348,WGS84,"Palma Iacobelli",2018-11-15T10:30:27Z,"classification method: human",,"Capreolus capreolus",Animalia,"western roe deer"
d734e464-2221-4269-a7ae-16ff82499f16,Event,MachineObservation,,1,female,adult,,present,,,68967df1-2a14-4180-83c7-bded3faf17d0,"camera trap (motion detection) without bait",2018-06-27T07:49:48Z,"tags: Meerdaal West",19e7d52d-3943-4350-be6b-542097796821,2018_3_760,,50.79651,4.69855,WGS84,"Palma Iacobelli",2018-11-12T16:01:41Z,"classification method: human",,"Sus scrofa",Animalia,"wild boar"
dc3fda99-a067-4255-991d-68b5b687181f,Event,MachineObservation,,1,undefined,adult,,present,,,f7991db5-01a3-4708-af89-4a5ff5c6a3f6,"camera trap (motion detection) without bait",2018-06-24T21:55:29Z,"tags: Heverleebos",208b7d32-78e4-4491-9153-d1dcbb230d9a,2018_3_1665,,50.84151,4.69538,WGS84,"Niko Boone",2018-09-25T13:28:20Z,"classification method: human",,"Capreolus capreolus",Animalia,"western roe deer"
dced3ba1-90e2-4ede-b8e5-dbf2cfb4000d,Event,MachineObservation,,1,female,undefined,,present,,,7e0fa581-9aa6-4a53-bdb3-57095c739329,"camera trap (motion detection) without bait",2018-06-17T18:31:58Z,"tags: Meerdaal Oost",54f1c369-fbb4-48cb-a290-3621d9b8a3e6,2018_3_956,,50.805,4.72667,WGS84,"Niko Boone",2018-10-26T07:17:19Z,"classification method: human",,"Dendrocopos major",Animalia,"Great Spotted Woodpecker"
dd2e9b86-2740-42c1-a794-c3f4db2bcc12,Event,MachineObservation,,1,undefined,undefined,,present,,,7e0fa581-9aa6-4a53-bdb3-57095c739329,"camera trap (motion detection) without bait",2018-06-29T05:58:12Z,"tags: Meerdaal Oost",54f1c369-fbb4-48cb-a290-3621d9b8a3e6,2018_3_956,,50.805,4.72667,WGS84,"Palma Iacobelli",2018-10-26T07:30:06Z,"classification method: human",,"Vulpes vulpes",Animalia,"Red Fox"
ded2caff-fdd2-4b60-960f-326e19be4ce4,Event,MachineObservation,,1,female,adult,,present,,,7e0fa581-9aa6-4a53-bdb3-57095c739329,"camera trap (motion detection) without bait",2018-07-04T06:47:49Z,"tags: Meerdaal Oost",54f1c369-fbb4-48cb-a290-3621d9b8a3e6,2018_3_956,,50.805,4.72667,WGS84,"Palma Iacobelli",2018-10-26T07:37:35Z,"classification method: human",,"Capreolus capreolus",Animalia,"western roe deer"
dfef79f4-0c23-43f5-a269-9bf2b35ec61e,Event,MachineObservation,,1,undefined,adult,,present,,,4a2fb56a-dcf1-4373-8090-e91cde99832f,"camera trap (motion detection) without bait",2018-06-20T01:20:11Z,"tags: Meerdaal Oost",7cd880d5-0b63-4ea3-8678-b1191cc32a6e,2018_3_1173,,50.81397,4.73384,WGS84,"Palma Iacobelli",2018-11-19T11:40:02Z,"classification method: human",,"Sus scrofa",Animalia,"wild boar"
e01d8c34-5268-4f87-b819-1d1cacf39ee6,Event,MachineObservation,,3,undefined,undefined,,present,,,68967df1-2a14-4180-83c7-bded3faf17d0,"camera trap (motion detection) without bait",2018-06-27T07:49:48Z,"tags: Meerdaal West",19e7d52d-3943-4350-be6b-542097796821,2018_3_760,,50.79651,4.69855,WGS84,"Palma Iacobelli",2018-11-12T16:02:45Z,"classification method: human",,"Sus scrofa",Animalia,"wild boar"
e050938a-d135-4e53-bb7e-4ffff77938e9,Event,MachineObservation,,1,female,adult,,present,,,880c2407-09a4-448b-b246-b3a04a322277,"camera trap (motion detection) without bait",2018-06-23T22:09:00Z,"tags: Heverleebos",f289e9b9-271e-4aa1-ab29-a16f8aa3ba87,2018_3_1563,,50.83431,4.69089,WGS84,"Niko Boone",2018-09-26T08:29:59Z,"classification method: human",,"Capreolus capreolus",Animalia,"western roe deer"
e0ad6dce-4d98-4b4c-8a2a-f066ba3a6f5e,Event,MachineObservation,,1,male,adult,,present,,,880c2407-09a4-448b-b246-b3a04a322277,"camera trap (motion detection) without bait",2018-06-27T01:05:26Z,"tags: Heverleebos",f289e9b9-271e-4aa1-ab29-a16f8aa3ba87,2018_3_1563,,50.83431,4.69089,WGS84,"Niko Boone",2018-09-26T08:31:41Z,"classification method: human",,"Capreolus capreolus",Animalia,"western roe deer"
e0e5a9b6-b672-4de6-875d-597c086aaa3d,Event,MachineObservation,,1,undefined,adult,,present,,,880c2407-09a4-448b-b246-b3a04a322277,"camera trap (motion detection) without bait",2018-06-22T16:40:48Z,"tags: Heverleebos",f289e9b9-271e-4aa1-ab29-a16f8aa3ba87,2018_3_1563,,50.83431,4.69089,WGS84,"Niko Boone",2018-09-26T08:28:03Z,"classification method: human",,"Capreolus capreolus",Animalia,"western roe deer"
e20804c5-3e9a-43dd-8b92-be150afed570,Event,MachineObservation,,1,female,adult,,present,,,ac911ed5-093c-4726-93a2-ed7aba2ddae5,"camera trap (motion detection) without bait",2018-06-28T18:42:00Z,"tags: Heverleebos",075737ee-a0f2-4e2d-b67e-7db7ddbfeb84,2018_3_1600,,50.83689,4.69752,WGS84,"Niko Boone",2018-09-26T08:43:49Z,"classification method: human",,"Capreolus capreolus",Animalia,"western roe deer"
e2108de2-7625-406a-acb2-7aec059a9efd,Event,MachineObservation,,1,male,undefined,,present,,,7e0fa581-9aa6-4a53-bdb3-57095c739329,"camera trap (motion detection) without bait",2018-06-24T04:12:00Z,"tags: Meerdaal Oost",54f1c369-fbb4-48cb-a290-3621d9b8a3e6,2018_3_956,,50.805,4.72667,WGS84,"Palma Iacobelli",2018-10-26T07:22:37Z,"classification method: human",,"Vulpes vulpes",Animalia,"Red Fox"
e2ab19e6-52e4-49f1-9e2d-9b95c10eab6d,Event,MachineObservation,,1,male,adult,,present,,,880c2407-09a4-448b-b246-b3a04a322277,"camera trap (motion detection) without bait",2018-06-24T19:28:44Z,"tags: Heverleebos",f289e9b9-271e-4aa1-ab29-a16f8aa3ba87,2018_3_1563,,50.83431,4.69089,WGS84,"Niko Boone",2018-09-26T08:31:12Z,"classification method: human",,"Capreolus capreolus",Animalia,"western roe deer"
e324474c-e7b3-40a5-a981-2ce745410af4,Event,MachineObservation,,1,undefined,adult,,present,,,7e0fa581-9aa6-4a53-bdb3-57095c739329,"camera trap (motion detection) without bait",2018-07-03T04:05:23Z,"tags: Meerdaal Oost",54f1c369-fbb4-48cb-a290-3621d9b8a3e6,2018_3_956,,50.805,4.72667,WGS84,"Palma Iacobelli",2018-10-26T07:32:47Z,"classification method: human",,"Capreolus capreolus",Animalia,"western roe deer"
e3c7a59e-a410-4881-a39d-d4731ea19133,Event,MachineObservation,,1,undefined,undefined,,present,,,749161ca-5993-4965-beb1-84ac9fc54b28,"camera trap (motion detection) without bait",2018-06-23T23:19:44Z,"tags: Meerdaal West",b4a5575f-a185-4bf6-a8c4-81a6554ee3c4,2018_3_1108,,50.8119,4.69797,WGS84,"Niko Boone",2018-10-10T14:51:25Z,"classification method: human",,"Erinaceus europaeus",Animalia,"western European hedgehog"
e3ff56e2-224c-424f-96d9-bc3d93145ad4,Event,MachineObservation,,1,undefined,juvenile,,present,,,e6f6eea4-861a-45a3-8693-e7c12a06bb37,"camera trap (motion detection) without bait",2018-06-15T20:46:27Z,"tags: Meerdaal West",5b251e28-b2e0-4e1e-a07d-620f432dbe7b,2018_3_807,,50.79852,4.70523,WGS84,"Palma Iacobelli",2018-11-15T09:53:30Z,"classification method: human",,"Vulpes vulpes",Animalia,"Red Fox"
e4c5551c-b4c1-42f5-91af-9a351b6f3cdd,Event,MachineObservation,,1,undefined,undefined,,present,,,68967df1-2a14-4180-83c7-bded3faf17d0,"camera trap (motion detection) without bait",2018-06-27T03:06:14Z,"tags: Meerdaal West",19e7d52d-3943-4350-be6b-542097796821,2018_3_760,,50.79651,4.69855,WGS84,"Niko Boone",2019-02-05T09:19:17Z,"classification method: human",,"Erinaceus europaeus",Animalia,"western European hedgehog"
e52a9c23-1e6e-4502-99ec-b32a71484b2f,Event,MachineObservation,,1,female,adult,,present,,,880c2407-09a4-448b-b246-b3a04a322277,"camera trap (motion detection) without bait",2018-06-22T03:30:48Z,"tags: Heverleebos",f289e9b9-271e-4aa1-ab29-a16f8aa3ba87,2018_3_1563,,50.83431,4.69089,WGS84,"Niko Boone",2018-09-26T08:26:47Z,"classification method: human",,"Capreolus capreolus",Animalia,"western roe deer"
e5c460ed-5ae9-4d7e-a18c-cd6a61228f38,Event,MachineObservation,,1,undefined,juvenile,,present,,,562ce88f-0b02-41e5-9b5a-80b5e0b5b40e,"camera trap (motion detection) without bait",2018-06-09T23:03:42Z,"tags: Meerdaal Oost",2caebcc9-dc8a-4aee-acc8-9abb8f0a7edb,2018_3_909,,50.80273,4.73375,WGS84,"Palma Iacobelli",2018-10-25T14:16:20Z,"classification method: human",,"Sus scrofa",Animalia,"wild boar"
e7ecb253-7a52-4ef9-8be1-ca91015cf310,Event,MachineObservation,,1,male,undefined,,present,,,7e0fa581-9aa6-4a53-bdb3-57095c739329,"camera trap (motion detection) without bait",2018-07-09T02:52:03Z,"tags: Meerdaal Oost",54f1c369-fbb4-48cb-a290-3621d9b8a3e6,2018_3_956,,50.805,4.72667,WGS84,"Palma Iacobelli",2018-10-26T07:41:49Z,"classification method: human",,"Sus scrofa",Animalia,"wild boar"
e821c1cf-e8a2-4a21-a04f-8e5a1b663cec,Event,MachineObservation,,1,male,adult,,present,,,68967df1-2a14-4180-83c7-bded3faf17d0,"camera trap (motion detection) without bait",2018-06-23T04:24:50Z,"tags: Meerdaal West",19e7d52d-3943-4350-be6b-542097796821,2018_3_760,,50.79651,4.69855,WGS84,"Palma Iacobelli",2018-11-12T15:53:02Z,"classification method: human",,"Capreolus capreolus",Animalia,"western roe deer"
e8fc4a71-e5e3-44ab-968b-d5d4d296d7cb,Event,MachineObservation,,1,undefined,juvenile,,present,,,7e0fa581-9aa6-4a53-bdb3-57095c739329,"camera trap (motion detection) without bait",2018-07-04T06:47:49Z,"tags: Meerdaal Oost",54f1c369-fbb4-48cb-a290-3621d9b8a3e6,2018_3_956,,50.805,4.72667,WGS84,"Niko Boone",2018-10-26T07:37:44Z,"classification method: human",,"Capreolus capreolus",Animalia,"western roe deer"
eb031379-8413-4c6a-bb49-587cd298e5bb,Event,MachineObservation,,1,male,undefined,,present,,,23945adb-0c21-441e-9de9-85d99faf3a92,"camera trap (motion detection) with food bait",2018-06-19T02:21:33Z,"apples as bait | tags: Meerdaal West",102e24cc-f0be-4d76-a0a7-207df901f59c,2018_3_751,,50.79618,4.66667,WGS84,"Kathleen Vanhuyse",2018-08-18T19:02:10Z,"classification method: human",,"Sus scrofa",Animalia,"wild boar"
eb55c12e-8ce9-468f-90b6-d2580c0d34df,Event,MachineObservation,,1,undefined,juvenile,,present,,,880c2407-09a4-448b-b246-b3a04a322277,"camera trap (motion detection) without bait",2018-07-04T08:23:15Z,"tags: Heverleebos",f289e9b9-271e-4aa1-ab29-a16f8aa3ba87,2018_3_1563,,50.83431,4.69089,WGS84,"Niko Boone",2018-09-26T08:33:41Z,"classification method: human",,"Capreolus capreolus",Animalia,"western roe deer"
ed775183-5054-4019-a3a3-6be790e2108b,Event,MachineObservation,,1,undefined,undefined,,present,,,4a2fb56a-dcf1-4373-8090-e91cde99832f,"camera trap (motion detection) without bait",2018-06-16T10:07:53Z,"tags: Meerdaal Oost",7cd880d5-0b63-4ea3-8678-b1191cc32a6e,2018_3_1173,,50.81397,4.73384,WGS84,"Palma Iacobelli",2018-11-19T11:38:22Z,"classification method: human",,"Capreolus capreolus",Animalia,"western roe deer"
ed8982ff-d00b-4109-bcd5-0f5699e9bb37,Event,MachineObservation,,1,undefined,adult,,present,,,94f0d31f-a775-447e-ac74-715d6042e52e,"camera trap (motion detection) without bait",2018-06-17T20:33:28Z,"tags: Meerdaal West",82d0f36a-9783-49e5-b864-9994425d1dbb,2018_3_1046,,50.80958,4.67348,WGS84,"Palma Iacobelli",2018-11-29T15:05:01Z,"classification method: human",,"Capreolus capreolus",Animalia,"western roe deer"
edd93c33-db7d-4c2b-b546-48fe15de6ca7,Event,MachineObservation,,1,undefined,undefined,,present,,,4a2fb56a-dcf1-4373-8090-e91cde99832f,"camera trap (motion detection) without bait",2018-06-16T09:13:54Z,"tags: Meerdaal Oost",7cd880d5-0b63-4ea3-8678-b1191cc32a6e,2018_3_1173,,50.81397,4.73384,WGS84,"Palma Iacobelli",2018-11-12T14:47:55Z,"classification method: human",,"Capreolus capreolus",Animalia,"western roe deer"
ee3977d0-cc5d-4269-935d-ffa482367994,Event,MachineObservation,,3,undefined,juvenile,,present,,,e6f6eea4-861a-45a3-8693-e7c12a06bb37,"camera trap (motion detection) without bait",2018-06-12T22:57:35Z,"tags: Meerdaal West",5b251e28-b2e0-4e1e-a07d-620f432dbe7b,2018_3_807,,50.79852,4.70523,WGS84,"Kathleen Vanhuyse",2018-08-18T19:18:53Z,"classification method: human",,"Vulpes vulpes",Animalia,"Red Fox"
ee705657-3eb4-4cc0-b44e-bc3b12ec3c97,Event,MachineObservation,,2,female,adult,,present,,,94f0d31f-a775-447e-ac74-715d6042e52e,"camera trap (motion detection) without bait",2018-06-10T06:09:05Z,"tags: Meerdaal West",82d0f36a-9783-49e5-b864-9994425d1dbb,2018_3_1046,,50.80958,4.67348,WGS84,"Palma Iacobelli",2018-11-29T15:03:30Z,"classification method: human",,"Equus caballus",Animalia,Horse
ef919569-5a26-47e7-8e84-d5f378702c89,Event,MachineObservation,,1,male,adult,,present,,,68967df1-2a14-4180-83c7-bded3faf17d0,"camera trap (motion detection) without bait",2018-06-27T04:26:33Z,"tags: Meerdaal West",19e7d52d-3943-4350-be6b-542097796821,2018_3_760,,50.79651,4.69855,WGS84,"Palma Iacobelli",2018-11-12T15:55:07Z,"classification method: human",,"Sus scrofa",Animalia,"wild boar"
f12220f1-4e45-47b5-a3d2-53dead10d225,Event,MachineObservation,,1,female,adult,,present,,,7e0fa581-9aa6-4a53-bdb3-57095c739329,"camera trap (motion detection) without bait",2018-07-06T12:00:15Z,"tags: Meerdaal Oost",54f1c369-fbb4-48cb-a290-3621d9b8a3e6,2018_3_956,,50.805,4.72667,WGS84,"Niko Boone",2018-10-26T07:39:31Z,"classification method: human",,"Capreolus capreolus",Animalia,"western roe deer"
f285f09d-6c0c-409e-9269-ec5dd14ce381,Event,MachineObservation,,1,undefined,adult,,present,,,94f0d31f-a775-447e-ac74-715d6042e52e,"camera trap (motion detection) without bait",2018-06-20T19:45:24Z,"tags: Meerdaal West",82d0f36a-9783-49e5-b864-9994425d1dbb,2018_3_1046,,50.80958,4.67348,WGS84,"Palma Iacobelli",2018-11-29T15:06:17Z,"classification method: human",,"Equus caballus",Animalia,Horse
f2d77d4d-970e-48a4-b0c5-334873bd0d50,Event,MachineObservation,,1,undefined,adult,,present,,,e6f6eea4-861a-45a3-8693-e7c12a06bb37,"camera trap (motion detection) without bait",2018-06-24T21:58:00Z,"tags: Meerdaal West",5b251e28-b2e0-4e1e-a07d-620f432dbe7b,2018_3_807,,50.79852,4.70523,WGS84,"Palma Iacobelli",2018-11-15T10:10:58Z,"classification method: human",,"Sus scrofa",Animalia,"wild boar"
f2e4c895-777d-4b4e-ac8d-976fb31d6456,Event,MachineObservation,,1,undefined,juvenile,,present,,,e6f6eea4-861a-45a3-8693-e7c12a06bb37,"camera trap (motion detection) without bait",2018-06-08T22:35:15Z,"tags: Meerdaal West",5b251e28-b2e0-4e1e-a07d-620f432dbe7b,2018_3_807,,50.79852,4.70523,WGS84,"Kathleen Vanhuyse",2018-08-18T19:12:36Z,"classification method: human",,"Vulpes vulpes",Animalia,"Red Fox"
f490a4af-dc91-415f-b91e-1207af00b011,Event,MachineObservation,,1,undefined,juvenile,,present,,,e6f6eea4-861a-45a3-8693-e7c12a06bb37,"camera trap (motion detection) without bait",2018-06-09T04:20:11Z,"tags: Meerdaal West",5b251e28-b2e0-4e1e-a07d-620f432dbe7b,2018_3_807,,50.79852,4.70523,WGS84,"Kathleen Vanhuyse",2018-08-18T19:14:17Z,"classification method: human",,"Vulpes vulpes",Animalia,"Red Fox"
f49b7ee2-2b67-443d-ae5c-50d79d08be9d,Event,MachineObservation,,5,undefined,adult,,present,,,94f0d31f-a775-447e-ac74-715d6042e52e,"camera trap (motion detection) without bait",2018-06-10T05:42:21Z,"tags: Meerdaal West",82d0f36a-9783-49e5-b864-9994425d1dbb,2018_3_1046,,50.80958,4.67348,WGS84,"Palma Iacobelli",2018-11-29T14:52:03Z,"classification method: human",,"Equus caballus",Animalia,Horse
f52ca548-c8ae-42a7-b254-bec5ad70fe8d,Event,MachineObservation,,8,undefined,juvenile,,present,,,68967df1-2a14-4180-83c7-bded3faf17d0,"camera trap (motion detection) without bait",2018-06-27T07:49:48Z,"tags: Meerdaal West",19e7d52d-3943-4350-be6b-542097796821,2018_3_760,,50.79651,4.69855,WGS84,"Palma Iacobelli",2018-11-12T16:01:56Z,"classification method: human",,"Sus scrofa",Animalia,"wild boar"
f67cc611-60c0-4346-ae34-cfed8d346d00,Event,MachineObservation,,3,undefined,adult,,present,,,94f0d31f-a775-447e-ac74-715d6042e52e,"camera trap (motion detection) without bait",2018-06-23T14:34:21Z,"tags: Meerdaal West",82d0f36a-9783-49e5-b864-9994425d1dbb,2018_3_1046,,50.80958,4.67348,WGS84,"Palma Iacobelli",2018-11-29T15:06:51Z,"classification method: human",,"Equus caballus",Animalia,Horse
f8bd7ebe-8faf-49c8-addb-2f78feeb62cf,Event,MachineObservation,,1,male,adult,,present,,,880c2407-09a4-448b-b246-b3a04a322277,"camera trap (motion detection) without bait",2018-06-12T02:01:13Z,"tags: Heverleebos",f289e9b9-271e-4aa1-ab29-a16f8aa3ba87,2018_3_1563,,50.83431,4.69089,WGS84,"Niko Boone",2018-09-26T08:23:45Z,"classification method: human",,"Capreolus capreolus",Animalia,"western roe deer"
f98c59ea-3b3d-4deb-8fe4-261201ce9e06,Event,MachineObservation,,1,undefined,adult,,present,,,ac911ed5-093c-4726-93a2-ed7aba2ddae5,"camera trap (motion detection) without bait",2018-06-11T01:30:40Z,"tags: Heverleebos",075737ee-a0f2-4e2d-b67e-7db7ddbfeb84,2018_3_1600,,50.83689,4.69752,WGS84,"Niko Boone",2018-09-26T08:41:39Z,"classification method: human",,"Capreolus capreolus",Animalia,"western roe deer"
fa5308d2-1580-47ba-9f6b-cfeabf226152,Event,MachineObservation,,1,male,undefined,,present,,,7e0fa581-9aa6-4a53-bdb3-57095c739329,"camera trap (motion detection) without bait",2018-07-08T22:52:07Z,"tags: Meerdaal Oost",54f1c369-fbb4-48cb-a290-3621d9b8a3e6,2018_3_956,,50.805,4.72667,WGS84,"Palma Iacobelli",2018-10-26T07:41:08Z,"classification method: human",,"Capreolus capreolus",Animalia,"western roe deer"
fb2ef000-b7c9-4f27-b076-aa73618b98a2,Event,MachineObservation,,1,undefined,adult,,present,,,562ce88f-0b02-41e5-9b5a-80b5e0b5b40e,"camera trap (motion detection) without bait",2018-06-09T23:03:42Z,"tags: Meerdaal Oost",2caebcc9-dc8a-4aee-acc8-9abb8f0a7edb,2018_3_909,,50.80273,4.73375,WGS84,"Palma Iacobelli",2018-10-25T14:16:11Z,"classification method: human",,"Sus scrofa",Animalia,"wild boar"
fd318e0a-94bb-4344-aabf-af24f1ff9c03,Event,MachineObservation,,1,undefined,undefined,,present,,,e6f6eea4-861a-45a3-8693-e7c12a06bb37,"camera trap (motion detection) without bait",2018-06-28T08:04:10Z,"tags: Meerdaal West",5b251e28-b2e0-4e1e-a07d-620f432dbe7b,2018_3_807,,50.79852,4.70523,WGS84,"Palma Iacobelli",2018-11-15T10:17:02Z,"classification method: human",,"Capreolus capreolus",Animalia,"western roe deer"
fda2ecd6-08bd-4d15-bbc8-983c3846a94c,Event,MachineObservation,,1,undefined,juvenile,,present,,,e6f6eea4-861a-45a3-8693-e7c12a06bb37,"camera trap (motion detection) without bait",2018-06-14T04:02:20Z,"tags: Meerdaal West",5b251e28-b2e0-4e1e-a07d-620f432dbe7b,2018_3_807,,50.79852,4.70523,WGS84,"Palma Iacobelli",2018-11-15T09:51:58Z,"classification method: human",,"Vulpes vulpes",Animalia,"Red Fox"
fde6515d-eed9-4e3c-99c4-4c1926a77377,Event,MachineObservation,,1,female,adult,,present,,,880c2407-09a4-448b-b246-b3a04a322277,"camera trap (motion detection) without bait",2018-06-12T21:01:04Z,"tags: Heverleebos",f289e9b9-271e-4aa1-ab29-a16f8aa3ba87,2018_3_1563,,50.83431,4.69089,WGS84,"Niko Boone",2018-09-26T08:24:17Z,"classification method: human",,"Capreolus capreolus",Animalia,"western roe deer"
fef47d2c-0b38-494c-a2e7-62d685258f04,Event,MachineObservation,,1,female,adult,,present,,,e6f6eea4-861a-45a3-8693-e7c12a06bb37,"camera trap (motion detection) without bait",2018-06-24T21:58:00Z,"tags: Meerdaal West",5b251e28-b2e0-4e1e-a07d-620f432dbe7b,2018_3_807,,50.79852,4.70523,WGS84,"Palma Iacobelli",2018-11-15T10:09:52Z,"classification method: human",,"Sus scrofa",Animalia,"wild boar"
ff1275fc-7082-4522-ab7a-c6f93da49cc2,Event,MachineObservation,,2,undefined,adult,,present,,,68967df1-2a14-4180-83c7-bded3faf17d0,"camera trap (motion detection) without bait",2018-06-22T05:25:33Z,"tags: Meerdaal West",19e7d52d-3943-4350-be6b-542097796821,2018_3_760,,50.79651,4.69855,WGS84,"Palma Iacobelli",2018-11-12T15:52:40Z,"classification method: human",,"Sus scrofa",Animalia,"wild boar"
